"x","y","useful","null"
0.000926625433055684,0,0.0366059103726234,-0.0600670194149385
0.0335901719482738,0,0.035356048840733,-0.0459380586291847
0.066253718463492,0,0.034527962104328,-0.0329298287543769
0.0989172649787101,0,0.0340901329696856,-0.0210058163850623
0.131580811493928,0,0.0340110442430827,-0.0101295081157885
0.164244358009146,0,0.0342591787307964,-0.000264390541103104
0.196907904524365,0,0.0348030192391036,0.00862604974444655
0.229571451039583,0,0.0356110485742813,0.016578326146313
0.262234997554801,0,0.0366517495426066,0.0236289520699486
0.294898544070019,0,0.0378936049503565,0.029814440920806
0.327562090585237,0,0.0393050976038079,0.0351713061043377
0.360225637100455,0,0.0408547103092379,0.0397360610259962
0.392889183615673,0,0.0425109258729235,0.0435452190912341
0.425552730130892,0,0.0442422271011416,0.0466352937055038
0.45821627664611,0,0.0460170968001694,0.0490427982742579
0.490879823161328,0,0.0478040177762837,0.0508042462029488
0.523543369676546,0,0.0495714728357616,0.0519561508970292
0.556206916191764,0,0.0512879447848801,0.0525350257619514
0.588870462706982,0,0.0529219164299163,0.052577384203168
0.6215340092222,0,0.0544418705771471,0.0521197396261317
0.654197555737418,0,0.0558162900328495,0.0511986054362949
0.686861102252637,0,0.0570136576033004,0.0498504950391099
0.719524648767855,0,0.0580024560947772,0.0481119218400295
0.752188195283073,0,0.0587546926390894,0.0460209281251549
0.784851741798291,0,0.0593147133795771,0.043646937423284
0.817515288313509,0,0.0597946668317212,0.0410887864754016
0.850178834828727,0,0.0603093173153973,0.0384464467793934
0.882842381343945,0,0.0609734291504815,0.0358198898331457
0.915505927859164,0,0.0619017666568495,0.0333090871345445
0.948169474374382,0,0.0632090941543772,0.0310140101814757
0.9808330208896,0,0.0650101759629406,0.0290346304718254
1.01349656740482,0,0.067419776402415,0.0274709195034798
1.04616011392004,0,0.070552659792677,0.0264228487743248
1.07882366043525,0,0.0745235904536019,0.0259903897822464
1.11148720695047,0,0.0794473327050658,0.0262735140251307
0.000926625433055684,0.0326908002044256,0.0484802011209776,-0.0603201866986874
0.0335901719482738,0.0326908002044256,0.0481798303534545,-0.0492252007884892
0.066253718463492,0.0326908002044256,0.0480601712447044,-0.0388960511701014
0.0989172649787101,0.0326908002044256,0.048104671893299,-0.0293121595783886
0.131580811493928,0.0326908002044256,0.0482967803978106,-0.0204529477482154
0.164244358009146,0.0326908002044256,0.0486199448568112,-0.0122978374144464
0.196907904524365,0.0326908002044256,0.0490576133688725,-0.00482625031194622
0.229571451039583,0.0326908002044256,0.0495932340325669,0.00198239182442056
0.262234997554801,0.0326908002044256,0.050210254946466,0.00814866725978935
0.294898544070019,0.0326908002044256,0.050892124209142,0.0136931542592956
0.327562090585237,0.0326908002044256,0.0516222899191668,0.0186364310880747
0.360225637100455,0.0326908002044256,0.0523842001751125,0.022999076011262
0.392889183615673,0.0326908002044256,0.053161303075551,0.026801667293993
0.425552730130892,0.0326908002044256,0.0539370467190543,0.030064783201403
0.45821627664611,0.0326908002044256,0.0546948792041944,0.0328090019986275
0.490879823161328,0.0326908002044256,0.0554182486295433,0.0350549019508018
0.523543369676546,0.0326908002044256,0.056090603093673,0.0368230613230615
0.556206916191764,0.0326908002044256,0.0566953906951554,0.0381340583805418
0.588870462706982,0.0326908002044256,0.0572160595325626,0.0390084713883783
0.6215340092222,0.0326908002044256,0.0576360577044667,0.0394668786117061
0.654197555737418,0.0326908002044256,0.0579388333094395,0.039529858315661
0.686861102252637,0.0326908002044256,0.0581078344460528,0.0392179887653782
0.719524648767855,0.0326908002044256,0.058126509212879,0.0385518482259931
0.752188195283073,0.0326908002044256,0.0579804337018677,0.0375542072329526
0.784851741798291,0.0326908002044256,0.0576988624155099,0.0362928340569753
0.817515288313509,0.0326908002044256,0.0573519890367374,0.0348776727343566
0.850178834828727,0.0326908002044256,0.0570115866753484,0.0334202944355098
0.882842381343945,0.0326908002044256,0.0567494284411407,0.032032270330848
0.915505927859164,0.0326908002044256,0.0566372874439125,0.0308251715907844
0.948169474374382,0.0326908002044256,0.0567469367934619,0.0299105693857321
0.9808330208896,0.0326908002044256,0.0571501495995866,0.0294000348861043
1.01349656740482,0.0326908002044256,0.0579186989720851,0.0294051392623143
1.04616011392004,0.0326908002044256,0.0591243580207548,0.0300374536847751
1.07882366043525,0.0326908002044256,0.0608388998553943,0.0314085493238998
1.11148720695047,0.0326908002044256,0.0631340975858013,0.0336299973501016
0.000926625433055684,0.0653816004088513,0.0579699798942999,-0.0599315898382618
0.0335901719482738,0.0653816004088513,0.0585098776278612,-0.0515046835899416
0.066253718463492,0.0653816004088513,0.059026377926912,-0.0435341695347728
0.0989172649787101,0.0653816004088513,0.0595154804964273,-0.0360132525964203
0.131580811493928,0.0653816004088513,0.0599731850413822,-0.0289351376985488
0.164244358009146,0.0653816004088513,0.060395491266752,-0.0222930297648227
0.196907904524365,0.0653816004088513,0.0607783988775118,-0.0160801337189067
0.229571451039583,0.0653816004088513,0.0611179075786366,-0.0102896544844656
0.262234997554801,0.0653816004088513,0.0614100170751015,-0.00491479698516373
0.294898544070019,0.0653816004088513,0.061650727071882,5.12338553341283e-05
0.327562090585237,0.0653816004088513,0.0618360372739527,0.00461523311336333
0.360225637100455,0.0653816004088513,0.0619619473862892,0.00878399586525935
0.392889183615673,0.0653816004088513,0.0620244571138663,0.0125643171873575
0.425552730130892,0.0653816004088513,0.0620195661616593,0.0159629921559932
0.45821627664611,0.0653816004088513,0.0619432742346431,0.0189868158475018
0.490879823161328,0.0653816004088513,0.0617915810377933,0.0216425833382187
0.523543369676546,0.0653816004088513,0.0615604862760847,0.0239370897044792
0.556206916191764,0.0653816004088513,0.0612459896544923,0.0258771300226187
0.588870462706982,0.0653816004088513,0.0608440908779916,0.0274694993689727
0.6215340092222,0.0653816004088513,0.0603507896515573,0.0287209928198765
0.654197555737418,0.0653816004088513,0.059762085680165,0.0296384054516654
0.686861102252637,0.0653816004088513,0.0590739786687894,0.0302285323406749
0.719524648767855,0.0653816004088513,0.0582824683224058,0.0304981685632404
0.752188195283073,0.0653816004088513,0.0573844709861783,0.0304567464315345
0.784851741798291,0.0653816004088513,0.0563957176251377,0.030167829191968
0.817515288313509,0.0653816004088513,0.055349573891753,0.029745716279764
0.850178834828727,0.0653816004088513,0.0542800857818419,0.0293066645239874
0.882842381343945,0.0653816004088513,0.0532212992912219,0.0289669307537033
0.915505927859164,0.0653816004088513,0.0522072604157108,0.0288427717979765
0.948169474374382,0.0653816004088513,0.051272015151126,0.029050444485872
0.9808330208896,0.0653816004088513,0.0504496094932851,0.0297062056464548
1.01349656740482,0.0653816004088513,0.0497740894380059,0.0309263121087899
1.04616011392004,0.0653816004088513,0.0492795009811059,0.0328270207019421
1.07882366043525,0.0653816004088513,0.0489998901184027,0.0355245882549765
1.11148720695047,0.0653816004088513,0.0489693028457138,0.0391352715969581
0.000926625433055684,0.0980724006132769,0.0652712709630873,-0.058956099288419
0.0335901719482738,0.0980724006132769,0.0665455434632405,-0.0528589812982624
0.066253718463492,0.0980724006132769,0.067626909660043,-0.0469507451487586
0.0989172649787101,0.0980724006132769,0.0685216668382049,-0.0412364000012243
0.131580811493928,0.0980724006132769,0.0692361122824359,-0.0357209550169764
0.164244358009146,0.0980724006132769,0.0697765432774457,-0.0304094193573315
0.196907904524365,0.0980724006132769,0.0701492571079443,-0.0253068021836064
0.229571451039583,0.0980724006132769,0.0703605510586414,-0.0204181126571178
0.262234997554801,0.0980724006132769,0.0704167224142469,-0.0157483599391823
0.294898544070019,0.0980724006132769,0.0703240684594704,-0.0113025531911168
0.327562090585237,0.0980724006132769,0.0700888864790219,-0.00708570157423787
0.360225637100455,0.0980724006132769,0.0697174737576112,-0.0031028142498623
0.392889183615673,0.0980724006132769,0.069216127579948,0.000641099620693218
0.425552730130892,0.0980724006132769,0.0685911452307422,0.00414103087611194
0.45821627664611,0.0980724006132769,0.0678488239947034,0.00739197035507719
0.490879823161328,0.0980724006132769,0.0669954611565417,0.0103889088962722
0.523543369676546,0.0980724006132769,0.0660373540009668,0.0131268373383803
0.556206916191764,0.0980724006132769,0.0649807998126885,0.0156007465200847
0.588870462706982,0.0980724006132769,0.0638320958764165,0.0178056272800688
0.6215340092222,0.0980724006132769,0.0625975394768607,0.0197364704570158
0.654197555737418,0.0980724006132769,0.061283427898731,0.021388266889609
0.686861102252637,0.0980724006132769,0.059896058426737,0.0227560074165316
0.719524648767855,0.0980724006132769,0.0584417283455887,0.023834682876467
0.752188195283073,0.0980724006132769,0.0569266162498061,0.0246221677136062
0.784851741798291,0.0980724006132769,0.0553544645426665,0.0251755241997481
0.817515288313509,0.0980724006132769,0.0537267322185118,0.0256072905529172
0.850178834828727,0.0980724006132769,0.0520447901781424,0.0260321452440436
0.882842381343945,0.0980724006132769,0.0503100093223585,0.026564766744057
0.915505927859164,0.0980724006132769,0.0485237605519601,0.0273198335238873
0.948169474374382,0.0980724006132769,0.0466874147677475,0.0284120240544644
0.9808330208896,0.0980724006132769,0.0448023428705206,0.0299560168067183
1.01349656740482,0.0980724006132769,0.0428699157610798,0.0320664902515786
1.04616011392004,0.0980724006132769,0.0408915043402251,0.0348581228599756
1.07882366043525,0.0980724006132769,0.0388684795087567,0.0384455931028388
1.11148720695047,0.0980724006132769,0.0368022121674746,0.0429435794510983
0.000926625433055684,0.130763200817703,0.0705800985978369,-0.0574485855039165
0.0335901719482738,0.130763200817703,0.0724861806588794,-0.0533705681781724
0.066253718463492,0.130763200817703,0.0740620939531896,-0.049252339312426
0.0989172649787101,0.130763200817703,0.0753223389777666,-0.0451089063548672
0.131580811493928,0.130763200817703,0.0762814162296099,-0.040955276753686
0.164244358009146,0.130763200817703,0.0769538262057192,-0.0368064579570725
0.196907904524365,0.130763200817703,0.0773540694030934,-0.0326774574132166
0.229571451039583,0.130763200817703,0.0774966463187323,-0.0285832825703086
0.262234997554801,0.130763200817703,0.0773960574496352,-0.0245389408765381
0.294898544070019,0.130763200817703,0.0770668032928015,-0.0205594397800955
0.327562090585237,0.130763200817703,0.0765233843452305,-0.0166597867291707
0.360225637100455,0.130763200817703,0.0757803011039216,-0.0128549891719537
0.392889183615673,0.130763200817703,0.0748520540658744,-0.00916005455663457
0.425552730130892,0.130763200817703,0.0737531437280882,-0.00558999033140331
0.45821627664611,0.130763200817703,0.0724980705875624,-0.00215980394444995
0.490879823161328,0.130763200817703,0.0711013351412964,0.00111549715603548
0.523543369676546,0.130763200817703,0.0695774378862896,0.00422090552186293
0.556206916191764,0.130763200817703,0.0679408793195413,0.00714141370484242
0.588870462706982,0.130763200817703,0.0662061599380511,0.00986201425678388
0.6215340092222,0.130763200817703,0.0643877802388185,0.0123676997294973
0.654197555737418,0.130763200817703,0.0625002407188424,0.0146434626747926
0.686861102252637,0.130763200817703,0.0605580418751226,0.0166742956444799
0.719524648767855,0.130763200817703,0.0585756842046586,0.018445191190369
0.752188195283073,0.130763200817703,0.0565666812505367,0.0199440930718733
0.784851741798291,0.130763200817703,0.0545242887023021,0.0212195204518013
0.817515288313509,0.130763200817703,0.0524227748387577,0.0223767689951099
0.850178834828727,0.130763200817703,0.0502356754075145,0.0235233247948955
0.882842381343945,0.130763200817703,0.0479365261561839,0.0247666739442546
0.915505927859164,0.130763200817703,0.0454988628323768,0.0262143025362834
0.948169474374382,0.130763200817703,0.0428962211837045,0.0279736966640784
0.9808330208896,0.130763200817703,0.0401021369577781,0.0301523424207361
1.01349656740482,0.130763200817703,0.0370901459022088,0.0328577258993528
1.04616011392004,0.130763200817703,0.0338337837646077,0.036197333193025
1.07882366043525,0.130763200817703,0.0303065862925859,0.0402786503948489
1.11148720695047,0.130763200817703,0.0264820892337546,0.0452091635979211
0.000926625433055684,0.163454001022128,0.0740924870690457,-0.0554639189395115
0.0335901719482738,0.163454001022128,0.0765311420140656,-0.0531219184943925
0.066253718463492,0.163454001022128,0.0785322583154435,-0.0505455133261428
0.0989172649787101,0.163454001022128,0.0801166049742469,-0.0477580762194158
0.131580811493928,0.163454001022128,0.081304950991543,-0.0447829799588653
0.164244358009146,0.163454001022128,0.082118065368399,-0.0416435973291451
0.196907904524365,0.163454001022128,0.0825767171058822,-0.0383633011149088
0.229571451039583,0.163454001022128,0.08270167520506,-0.0349654641008102
0.262234997554801,0.163454001022128,0.082513708667,-0.0314734590715028
0.294898544070019,0.163454001022128,0.082033586492769,-0.0279106588116405
0.327562090585237,0.163454001022128,0.0812820776834344,-0.0243004361058769
0.360225637100455,0.163454001022128,0.0802799512400639,-0.0206661637388656
0.392889183615673,0.163454001022128,0.0790479761637243,-0.0170312144952605
0.425552730130892,0.163454001022128,0.0776069214554831,-0.0134189611597152
0.45821627664611,0.163454001022128,0.0759775561164078,-0.00985277651688332
0.490879823161328,0.163454001022128,0.0741806491475653,-0.00635603335141866
0.523543369676546,0.163454001022128,0.0722369695500233,-0.0029521044479749
0.556206916191764,0.163454001022128,0.0701672863248487,0.000335637408794289
0.588870462706982,0.163454001022128,0.0679923684731093,0.00348381943423519
0.6215340092222,0.163454001022128,0.065732984995872,0.00646906884369412
0.654197555737418,0.163454001022128,0.063409904894204,0.0092680128525174
0.686861102252637,0.163454001022128,0.0610438971691732,0.0118572786760513
0.719524648767855,0.163454001022128,0.0586557308218463,0.0142134935296421
0.752188195283073,0.163454001022128,0.0562644777461553,0.0163161444990415
0.784851741798291,0.163454001022128,0.0538543756382507,0.0182034193196135
0.817515288313509,0.163454001022128,0.0513770125742344,0.0199685250476356
0.850178834828727,0.163454001022128,0.0487827170132225,0.0217067913757606
0.882842381343945,0.163454001022128,0.0460218174143312,0.0235135479966416
0.915505927859164,0.163454001022128,0.0430446422366767,0.0254841246029315
0.948169474374382,0.163454001022128,0.0398015199393751,0.0277138508872833
0.9808330208896,0.163454001022128,0.0362427789815424,0.0302980565423499
1.01349656740482,0.163454001022128,0.032318747822295,0.0333320712607845
1.04616011392004,0.163454001022128,0.0279797549207489,0.0369112247352397
1.07882366043525,0.163454001022128,0.0231761287360202,0.0411308466583689
1.11148720695047,0.163454001022128,0.0178581977272251,0.0460862667228248
0.000926625433055684,0.196144801226554,0.076004460647211,-0.0530569700499613
0.0335901719482738,0.196144801226554,0.0788797803280863,-0.0521955065116433
0.066253718463492,0.196144801226554,0.0812377302558972,-0.0509368284902761
0.0989172649787101,0.196144801226554,0.0831035728867805,-0.0493112141569367
0.131580811493928,0.196144801226554,0.0845025706768731,-0.0473489416827021
0.164244358009146,0.196144801226554,0.0854599860823121,-0.045080289238649
0.196907904524365,0.196144801226554,0.0860010815592339,-0.0425355349958544
0.229571451039583,0.196144801226554,0.0861511195637758,-0.0397449571253951
0.262234997554801,0.196144801226554,0.0859353625520747,-0.0367388337983481
0.294898544070019,0.196144801226554,0.0853790729802672,-0.03354744318579
0.327562090585237,0.196144801226554,0.0845075133044904,-0.030201063458798
0.360225637100455,0.196144801226554,0.0833459459808811,-0.0267299727884487
0.392889183615673,0.196144801226554,0.0819196334655761,-0.0231644493458192
0.425552730130892,0.196144801226554,0.0802538382147125,-0.0195347713019861
0.45821627664611,0.196144801226554,0.078373822684427,-0.0158712168280266
0.490879823161328,0.196144801226554,0.0763048493308566,-0.0122040640950173
0.523543369676546,0.196144801226554,0.074072180610138,-0.00856359127403517
0.556206916191764,0.196144801226554,0.0717010789784084,-0.00498007653615708
0.588870462706982,0.196144801226554,0.0692168068918044,-0.00148379805245991
0.6215340092222,0.196144801226554,0.0666446268064628,0.00189496600597949
0.654197555737418,0.196144801226554,0.0640098011785209,0.00512593746808422
0.686861102252637,0.196144801226554,0.0613375924641153,0.00817883816277746
0.719524648767855,0.196144801226554,0.058653263119383,0.0110233899189823
0.752188195283073,0.196144801226554,0.0559798174944473,0.0136319439878163
0.784851741798291,0.196144801226554,0.0532939108847182,0.0160308221746706
0.817515288313509,0.196144801226554,0.0505287562466859,0.0182969321517878
0.850178834828727,0.196144801226554,0.0476158905385308,0.0205091331858561
0.882842381343945,0.196144801226554,0.044486850718434,0.0227462845435634
0.915505927859164,0.196144801226554,0.0410731737445758,0.0250872454915981
0.948169474374382,0.196144801226554,0.037306396575137,0.0276108752966479
0.9808330208896,0.196144801226554,0.0331180561682984,0.030396033225401
1.01349656740482,0.196144801226554,0.0284396894822403,0.0335215785445457
1.04616011392004,0.196144801226554,0.0232028334751437,0.0370663705207696
1.07882366043525,0.196144801226554,0.0173390251051891,0.0411092684207611
1.11148720695047,0.196144801226554,0.0107798013305571,0.0457291315112082
0.000926625433055684,0.22883560143098,0.0765120436028294,-0.0502826092900239
0.0335901719482738,0.22883560143098,0.0797314484002286,-0.0506738064946453
0.066253718463492,0.22883560143098,0.0823788372836424,-0.0505328461051935
0.0989172649787101,0.22883560143098,0.0844823507745019,-0.0498956247294967
0.131580811493928,0.22883560143098,0.086070129394239,-0.0487980389753839
0.164244358009146,0.22883560143098,0.0871703136642851,-0.0472759854506838
0.196907904524365,0.22883560143098,0.0878110441060718,-0.0453653607632247
0.229571451039583,0.22883560143098,0.0880204612410305,-0.0431020615208358
0.262234997554801,0.22883560143098,0.0878267055905927,-0.0405219843313455
0.294898544070019,0.22883560143098,0.0872579176761901,-0.0376610258025826
0.327562090585237,0.22883560143098,0.086342238019254,-0.0345550825423758
0.360225637100455,0.22883560143098,0.0851078071412165,-0.0312400511585538
0.392889183615673,0.22883560143098,0.0835827655635085,-0.0277518282589453
0.425552730130892,0.22883560143098,0.0817952538075616,-0.0241263104513789
0.45821627664611,0.22883560143098,0.0797734123948076,-0.0203993943436834
0.490879823161328,0.22883560143098,0.077545381846678,-0.0166069765436875
0.523543369676546,0.22883560143098,0.0751393026846042,-0.0127849536592198
0.556206916191764,0.22883560143098,0.0725833154300177,-0.00896922229810914
0.588870462706982,0.22883560143098,0.0699055606043501,-0.00519567906818413
0.6215340092222,0.22883560143098,0.0671341787290329,-0.00150022057727347
0.654197555737418,0.22883560143098,0.0642973103254979,0.00208125656679411
0.686861102252637,0.22883560143098,0.0614230959151763,0.00551285575618995
0.719524648767855,0.22883560143098,0.0585396760194997,0.00875868038308531
0.752188195283073,0.22883560143098,0.055672512253198,0.0117851135309035
0.784851741798291,0.22883560143098,0.0527920799759107,0.0146053303884583
0.817515288313509,0.22883560143098,0.049817316677856,0.0172763637488601
0.850178834828727,0.22883560143098,0.0466651715267042,0.0198569384243992
0.882842381343945,0.22883560143098,0.0432525936901256,0.0224057792273657
0.915505927859164,0.22883560143098,0.0394965323357903,0.0249816109700498
0.948169474374382,0.22883560143098,0.0353139366313687,0.0276431584647415
0.9808330208896,0.22883560143098,0.0306217557445308,0.030449146523731
1.01349656740482,0.22883560143098,0.0253369388429469,0.0334582999593084
1.04616011392004,0.22883560143098,0.0193764350942873,0.036729343583764
1.07882366043525,0.22883560143098,0.0126571936662223,0.0403210022093877
1.11148720695047,0.22883560143098,0.00509616372642188,0.0442920006484698
0.000926625433055684,0.261526401635405,0.0758112602063984,-0.0471957071144558
0.0335901719482738,0.261526401635405,0.0792854990297801,-0.0486392927081195
0.066253718463492,0.261526401635405,0.0821559069077712,-0.0494401274712623
0.0989172649787101,0.261526401635405,0.0844520466965458,-0.0496386124991626
0.131580811493928,0.261526401635405,0.0862034812522791,-0.0492751488870985
0.164244358009146,0.261526401635405,0.0874397734311451,-0.0483901377303487
0.196907904524365,0.261526401635405,0.0881904860893188,-0.0470239801241912
0.229571451039583,0.261526401635405,0.0884851820829746,-0.0452170771639045
0.262234997554801,0.261526401635405,0.0883534242682875,-0.0430098299447668
0.294898544070019,0.261526401635405,0.0878247755014317,-0.0404426395620566
0.327562090585237,0.261526401635405,0.0869287986385821,-0.037555907111052
0.360225637100455,0.261526401635405,0.0856950565359133,-0.0343900336870315
0.392889183615673,0.261526401635405,0.0841531120495997,-0.0309854203852734
0.425552730130892,0.261526401635405,0.0823325280358162,-0.0273824683010559
0.45821627664611,0.261526401635405,0.0802628673507373,-0.0236215785296574
0.490879823161328,0.261526401635405,0.0779736928505376,-0.0197431521663563
0.523543369676546,0.261526401635405,0.0754945673913918,-0.0157875903064308
0.556206916191764,0.261526401635405,0.0728550538294745,-0.0117952940451593
0.588870462706982,0.261526401635405,0.0700847150209602,-0.00780666447782014
0.6215340092222,0.261526401635405,0.0672131138220237,-0.00386210269969159
0.654197555737418,0.261526401635405,0.0642698130888396,-2.00980605198323e-06
0.686861102252637,0.261526401635405,0.0612843756775825,0.00373321310782035
0.719524648767855,0.261526401635405,0.058286364444427,0.00730316494664705
0.752188195283073,0.261526401635405,0.0553023737801928,0.0106692751210085
0.784851741798291,0.261526401635405,0.052298068446034,0.0138305453324623
0.817515288313509,0.261526401635405,0.0491820046894887,0.016821193280146
0.850178834828727,0.261526401635405,0.0458605355210069,0.0196767952906073
0.882842381343945,0.261526401635405,0.0422400139510393,0.0224329276903938
0.915505927859164,0.261526401635405,0.0382267929900361,0.0251251668060532
0.948169474374382,0.261526401635405,0.0337272256484477,0.027789088964133
0.9808330208896,0.261526401635405,0.0286476649367245,0.0304602704911812
1.01349656740482,0.261526401635405,0.0228944638653167,0.0331742877137451
1.04616011392004,0.261526401635405,0.0163739754446749,0.0359667169583724
1.07882366043525,0.261526401635405,0.00899255268524943,0.0388731345516108
1.11148720695047,0.261526401635405,0.00065654859749049,0.0419291168200079
0.000926625433055684,0.294217201839831,0.0740981347284146,-0.043851133978015
0.0335901719482738,0.294217201839831,0.077741285016028,-0.0461744394167864
0.066253718463492,0.294217201839831,0.0807692666373757,-0.0477652338888501
0.0989172649787101,0.294217201839831,0.0832117687120469,-0.0486674820280009
0.131580811493928,0.294217201839831,0.0850984803596314,-0.0489251484680339
0.164244358009146,0.294217201839831,0.0864590906997186,-0.0485821978427436
0.196907904524365,0.294217201839831,0.0873232888518981,-0.0476825947859253
0.229571451039583,0.294217201839831,0.0877207639357596,-0.0462703039313737
0.262234997554801,0.294217201839831,0.0876812050708923,-0.0443892899128837
0.294898544070019,0.294217201839831,0.087234301376886,-0.0420835173642503
0.327562090585237,0.294217201839831,0.0864097419733303,-0.0393969509192683
0.360225637100455,0.294217201839831,0.0852372159798146,-0.0363735552117326
0.392889183615673,0.294217201839831,0.0837464125159285,-0.0330572948754381
0.425552730130892,0.294217201839831,0.0819670207012617,-0.0294921345441797
0.45821627664611,0.294217201839831,0.0799287296554034,-0.0257220388517523
0.490879823161328,0.294217201839831,0.0776612284979434,-0.0217909724319508
0.523543369676546,0.294217201839831,0.0751942063484712,-0.0177428999185702
0.556206916191764,0.294217201839831,0.0725573523265764,-0.0136217859454051
0.588870462706982,0.294217201839831,0.0697803555518483,-0.00947159514625068
0.6215340092222,0.294217201839831,0.0668929051438768,-0.0053362921549017
0.654197555737418,0.294217201839831,0.0639246902222512,-0.00125984160515309
0.686861102252637,0.294217201839831,0.0609053999065611,0.00271379186920025
0.719524648767855,0.294217201839831,0.0578647233163962,0.00654064363436343
0.752188195283073,0.294217201839831,0.0548292138332169,0.0101780507508372
0.784851741798291,0.294217201839831,0.0517610618292944,0.0136100683781687
0.817515288313509,0.294217201839831,0.0485621311033277,0.0168457941869391
0.850178834828727,0.294217201839831,0.0451319580647036,0.0198952919836976
0.882842381343945,0.294217201839831,0.0413700791228086,0.0227686255749932
0.915505927859164,0.294217201839831,0.0371760306870293,0.0254758587673749
0.948169474374382,0.294217201839831,0.0324493491667523,0.0280270553673918
0.9808330208896,0.294217201839831,0.0270895709713643,0.030432279181593
1.01349656740482,0.294217201839831,0.0209962325102519,0.0327015940165275
1.04616011392004,0.294217201839831,0.0140688701928017,0.0348450636787443
1.07882366043525,0.294217201839831,0.00620702042840021,0.0368727519747926
1.11148720695047,0.294217201839831,-0.00268978037356589,0.0387947227112213
0.000926625433055684,0.326908002044256,0.0715686914393755,-0.0403037603354586
0.0335901719482738,0.326908002044256,0.0752981591582597,-0.0433617208853667
0.066253718463492,0.326908002044256,0.0784192439815478,-0.0456147266583242
0.0989172649787101,0.326908002044256,0.0809606248801396,-0.0471095378780785
0.131580811493928,0.326908002044256,0.0829509808249346,-0.0478929147683773
0.164244358009146,0.326908002044256,0.0844189907868325,-0.048011617552968
0.196907904524365,0.326908002044256,0.0853933337367331,-0.0475124064555984
0.229571451039583,0.326908002044256,0.0859026886455359,-0.0464420417000159
0.262234997554801,0.326908002044256,0.0859757344841408,-0.0448472835099678
0.294898544070019,0.326908002044256,0.0856411502234472,-0.0427748921092022
0.327562090585237,0.326908002044256,0.084927614834355,-0.0402716277214663
0.360225637100455,0.326908002044256,0.0838638072877641,-0.0373842505705078
0.392889183615673,0.326908002044256,0.0824784065545736,-0.0341595208800741
0.425552730130892,0.326908002044256,0.0808000916056835,-0.030644198873913
0.45821627664611,0.326908002044256,0.0788575414119936,-0.0268850447757718
0.490879823161328,0.326908002044256,0.0766794349444034,-0.0229288188093982
0.523543369676546,0.326908002044256,0.0742944511738127,-0.0188222811985397
0.556206916191764,0.326908002044256,0.0717312690711209,-0.0146121921669439
0.588870462706982,0.326908002044256,0.0690185676072282,-0.0103453119383584
0.6215340092222,0.326908002044256,0.0661850257530337,-0.00606840073653063
0.654197555737418,0.326908002044256,0.0632593224794374,-0.00182821878520825
0.686861102252637,0.326908002044256,0.060270136757339,0.00232847369186123
0.719524648767855,0.326908002044256,0.057246147557638,0.00635491647093023
0.752188195283073,0.326908002044256,0.0542128441700558,0.0102050624130949
0.784851741798291,0.326908002044256,0.0511302456598977,0.013847500897063
0.817515288313509,0.326908002044256,0.047897006741117,0.0172645399105329
0.850178834828727,0.326908002044256,0.0444094147010586,0.0204390167028874
0.882842381343945,0.326908002044256,0.0405637568270666,0.0233537685235093
0.915505927859164,0.326908002044256,0.0362563204064858,0.0259916326217815
0.948169474374382,0.326908002044256,0.0313833927266605,0.0283354462470868
0.9808330208896,0.326908002044256,0.0258412610749352,0.030368046648808
1.01349656740482,0.326908002044256,0.0195262127386544,0.0320722710763279
1.04616011392004,0.326908002044256,0.0123345350051626,0.0334309567790294
1.07882366043525,0.326908002044256,0.00416251516180431,0.0344269410062954
1.11148720695047,0.326908002044256,-0.00509355950407613,0.0350430610075085
0.000926625433055684,0.359598802248682,0.068418954609778,-0.036608456641544
0.0335901719482738,0.359598802248682,0.0721554742557625,-0.0402836113785811
0.066253718463492,0.359598802248682,0.07530616644938,-0.043095167080052
0.0989172649787101,0.359598802248682,0.0778977232599585,-0.045092084611462
0.131580811493928,0.359598802248682,0.079956836756827,-0.0463233248383167
0.164244358009146,0.359598802248682,0.0815101990093136,-0.0468378486261215
0.196907904524365,0.359598802248682,0.0825845020867468,-0.0466846168403818
0.229571451039583,0.359598802248682,0.0832064380584549,-0.0459125903466032
0.262234997554801,0.359598802248682,0.0834026989937662,-0.0445707300102909
0.294898544070019,0.359598802248682,0.0831999769620093,-0.0427079966969507
0.327562090585237,0.359598802248682,0.0826249640325127,-0.0403733512720878
0.360225637100455,0.359598802248682,0.0817043522746045,-0.0376157546012078
0.392889183615673,0.359598802248682,0.0804648337576132,-0.0344841675498161
0.425552730130892,0.359598802248682,0.0789331005508674,-0.0310275509834182
0.45821627664611,0.359598802248682,0.0771358447236954,-0.0272948657675195
0.490879823161328,0.359598802248682,0.0750997583454255,-0.0233350727676254
0.523543369676546,0.359598802248682,0.0728515334853863,-0.0191971328492415
0.556206916191764,0.359598802248682,0.0704178622129061,-0.0149300068778732
0.588870462706982,0.359598802248682,0.0678254365973132,-0.010582655719026
0.6215340092222,0.359598802248682,0.0651009487079361,-0.00620404023820523
0.654197555737418,0.359598802248682,0.0622710906141033,-0.00184312130091647
0.686861102252637,0.359598802248682,0.059362554385143,0.00245114022733488
0.719524648767855,0.359598802248682,0.0564020320903838,0.00662978348104335
0.752188195283073,0.359598802248682,0.053413076548495,0.0106439321004874
0.784851741798291,0.359598802248682,0.0503548054720499,0.0144464442606313
0.817515288313509,0.359598802248682,0.0471259424246005,0.017991803892221
0.850178834828727,0.359598802248682,0.0436228809733363,0.0212345576473941
0.882842381343945,0.359598802248682,0.0397420146854469,0.0241292521782878
0.915505927859164,0.359598802248682,0.0353797371281217,0.0266304341370397
0.948169474374382,0.359598802248682,0.0304324418685502,0.0286926501757871
0.9808330208896,0.359598802248682,0.0247965224739219,0.0302704469466676
1.01349656740482,0.359598802248682,0.0183683725114263,0.0313183711018185
1.04616011392004,0.359598802248682,0.011044385548253,0.0317909692933773
1.07882366043525,0.359598802248682,0.00272095515159137,0.0316427881734813
1.11148720695047,0.359598802248682,-0.0067055251113691,0.030828374394268
0.000926625433055684,0.392289602453108,0.064844948510119,-0.0328200933510287
0.0335901719482738,0.392289602453108,0.0685125831078235,-0.0370225851611504
0.066253718463492,0.392289602453108,0.0716303615499637,-0.040313116454401
0.0989172649787101,0.392289602453108,0.0742221719106385,-0.0427424267902182
0.131580811493928,0.392289602453108,0.0763119022639473,-0.0443612557280398
0.164244358009146,0.392289602453108,0.0779234406839887,-0.0452203428273035
0.196907904524365,0.392289602453108,0.0790806752448623,-0.045370427647447
0.229571451039583,0.392289602453108,0.0798074940206671,-0.0448622497479082
0.262234997554801,0.392289602453108,0.0801277850855019,-0.0437465486881246
0.294898544070019,0.392289602453108,0.0800654365134662,-0.0420740640275342
0.327562090585237,0.392289602453108,0.079644336378659,-0.0398955353255744
0.360225637100455,0.392289602453108,0.0788883727551792,-0.0372617021416835
0.392889183615673,0.392289602453108,0.0778214337171261,-0.0342233040352986
0.425552730130892,0.392289602453108,0.0764674073385987,-0.0308310805658579
0.45821627664611,0.392289602453108,0.0748501816936964,-0.027135771292799
0.490879823161328,0.392289602453108,0.0729936448565179,-0.0231881157755596
0.523543369676546,0.392289602453108,0.0709216849011624,-0.0190388535735775
0.556206916191764,0.392289602453108,0.0686581899017291,-0.0147387242462905
0.588870462706982,0.392289602453108,0.0662270479323172,-0.0103384673531361
0.6215340092222,0.392289602453108,0.0636521470670255,-0.00588882245355232
0.654197555737418,0.392289602453108,0.0609573753799534,-0.00144052910697677
0.686861102252637,0.392289602453108,0.0581666209452,0.0029556731271528
0.719524648767855,0.392289602453108,0.0553037718368642,0.00724904468939862
0.752188195283073,0.392289602453108,0.0523897227263195,0.0113882818057203
0.784851741798291,0.392289602453108,0.049383926799957,0.0153104998403593
0.817515288313509,0.392289602453108,0.0461882489755219,0.018941959573297
0.850178834828727,0.392289602453108,0.0427023324248014,0.0222085030164348
0.882842381343945,0.392289602453108,0.0388258203195828,0.025035972181674
0.915505927859164,0.392289602453108,0.034458355831653,0.0273502090809159
0.948169474374382,0.392289602453108,0.0294995821327995,0.0290770557260619
0.9808330208896,0.392289602453108,0.0238491423948093,0.0301423541290132
1.01349656740482,0.392289602453108,0.0174066797894697,0.0304719463016712
1.04616011392004,0.392289602453108,0.0100718374885679,0.0299916742559372
1.07882366043525,0.392289602453108,0.00174425866389107,0.0286273800037125
1.11148720695047,0.392289602453108,-0.0076764135127736,0.0263049055568984
0.000926625433055684,0.424980402657533,0.0610426974108958,-0.02899354091867
0.0335901719482738,0.424980402657533,0.0645688385137304,-0.0336611164977952
0.066253718463492,0.424980402657533,0.0675921567923915,-0.0373751360817386
0.0989172649787101,0.424980402657533,0.070133078891314,-0.0401878689764138
0.131580811493928,0.424980402657533,0.0722120314549334,-0.0421515844877343
0.164244358009146,0.424980402657533,0.0738494411276846,-0.0433185519216137
0.196907904524365,0.424980402657533,0.075065734554003,-0.0437410405839654
0.229571451039583,0.424980402657533,0.0758813383783236,-0.0434713197807032
0.262234997554801,0.424980402657533,0.0763166792450816,-0.0425616588177405
0.294898544070019,0.424980402657533,0.0763921837987121,-0.0410643270009909
0.327562090585237,0.424980402657533,0.0761282786836503,-0.039031593636368
0.360225637100455,0.424980402657533,0.0755453905443315,-0.0365157280297853
0.392889183615673,0.424980402657533,0.0746639460251906,-0.0335689994871563
0.425552730130892,0.424980402657533,0.0735043717706632,-0.0302436773143948
0.45821627664611,0.424980402657533,0.0720870944251839,-0.0265920308174141
0.490879823161328,0.424980402657533,0.0704325406331882,-0.0226663293021279
0.523543369676546,0.424980402657533,0.0685611370391112,-0.0185188420744497
0.556206916191764,0.424980402657533,0.066493310287388,-0.014201838440293
0.588870462706982,0.424980402657533,0.0642494870224539,-0.00976758770557155
0.6215340092222,0.424980402657533,0.0618500938887437,-0.00526835917619874
0.654197555737418,0.424980402657533,0.059315557530693,-0.000756422158088199
0.686861102252637,0.424980402657533,0.0566663045927369,0.00371595404284654
0.719524648767855,0.424980402657533,0.0539227617193103,0.0080965001206919
0.752188195283073,0.424980402657533,0.0511025944613147,0.0123317335214992
0.784851741798291,0.424980402657533,0.0481667951778251,0.0163432690077328
0.817515288313509,0.424980402657533,0.0450232372156253,0.0200293803950543
0.850178834828727,0.424980402657533,0.0415777445987184,0.0232874410092269
0.882842381343945,0.424980402657533,0.0377361413511076,0.0260148241760134
0.915505927859164,0.424980402657533,0.0334042514967958,0.0281089032211768
0.948169474374382,0.424980402657533,0.0284878990597863,0.0294670514704802
0.9808330208896,0.424980402657533,0.0228929080640822,0.0299866422496863
1.01349656740482,0.424980402657533,0.0165251025336865,0.0295650488845582
1.04616011392004,0.424980402657533,0.00929030649260243,0.0280996447008589
1.07882366043525,0.424980402657533,0.00109434396483307,0.0254878030243512
1.11148720695047,0.424980402657533,-0.00815696102561857,0.0216268971807982
0.000926625433055684,0.457671202861959,0.0572082255826054,-0.0251836697992253
0.0335901719482738,0.457671202861959,0.0605235932727703,-0.0302816796532363
0.066253718463492,0.457671202861959,0.063391879685755,-0.0343877872624323
0.0989172649787101,0.457671202861959,0.0658295522611196,-0.0375557157321155
0.131580811493928,0.457671202861959,0.067853078438424,-0.0398391881675879
0.164244358009146,0.457671202861959,0.0694789256572282,-0.0412919276741515
0.196907904524365,0.457671202861959,0.070723561357092,-0.0419676573571084
0.229571451039583,0.457671202861959,0.0716034529775753,-0.0419201003217607
0.262234997554801,0.457671202861959,0.0721350679582384,-0.0412029796734103
0.294898544070019,0.457671202861959,0.0723348737386411,-0.0398700185173594
0.327562090585237,0.457671202861959,0.072219337758343,-0.03797493995891
0.360225637100455,0.457671202861959,0.0718049274569048,-0.0355714671033641
0.392889183615673,0.457671202861959,0.0711081102738857,-0.0327133230560238
0.425552730130892,0.457671202861959,0.070145353648846,-0.0294542309221913
0.45821627664611,0.457671202861959,0.0689331250213456,-0.0258479138071684
0.490879823161328,0.457671202861959,0.0674878918309445,-0.0219480948162572
0.523543369676546,0.457671202861959,0.0658261215172028,-0.0178084970547599
0.556206916191764,0.457671202861959,0.0639642815196801,-0.0134828436279785
0.588870462706982,0.457671202861959,0.0619188392779366,-0.0090248576412149
0.6215340092222,0.457671202861959,0.0597062622315322,-0.00448826219977133
0.654197555737418,0.457671202861959,0.0573430178200268,7.32195910502204e-05
0.686861102252637,0.457671202861959,0.0548455734829804,0.00460586462594772
0.719524648767855,0.457671202861959,0.0522303966599531,0.00905594979961908
0.752188195283073,0.457671202861959,0.0495115035112661,0.0133679092405298
0.784851741798291,0.457671202861959,0.0466525961398602,0.0174483531342376
0.817515288313509,0.457671202861959,0.0435702179666544,0.0211684397987866
0.850178834828727,0.457671202861959,0.0401790930383516,0.0243979598249877
0.882842381343945,0.457671202861959,0.0363939454016546,0.0270067038036516
0.915505927859164,0.457671202861959,0.032129499103266,0.0288644623255891
0.948169474374382,0.457671202861959,0.0273004781898887,0.0298410259816111
0.9808330208896,0.457671202861959,0.0218216067082255,0.0298061853625283
1.01349656740482,0.457671202861959,0.0156076087049789,0.0286297310591517
1.04616011392004,0.457671202861959,0.00857320822685183,0.0261814536622918
1.07882366043525,0.457671202861959,0.000633129320547045,0.0223311437627597
1.11148720695047,0.457671202861959,-0.00829790396723282,0.016948591951366
0.000926625433055684,0.490362003066385,0.053536732388859,-0.0214452021249682
0.0335901719482738,0.490362003066385,0.0565753978140267,-0.0269664558717182
0.066253718463492,0.490362003066385,0.0592290829386342,-0.031457213126343
0.0989172649787101,0.490362003066385,0.0615099575384374,-0.0349727468046842
0.131580811493928,0.490362003066385,0.0634301913891916,-0.037568329822584
0.164244358009146,0.490362003066385,0.0650019542666523,-0.0392992350958846
0.196907904524365,0.490362003066385,0.0662374159465749,-0.0402207355404277
0.229571451039583,0.490362003066385,0.0671487462047152,-0.0403881040720556
0.262234997554801,0.490362003066385,0.0677481148168283,-0.0398566136066101
0.294898544070019,0.490362003066385,0.06804769155867,-0.0386815370599333
0.327562090585237,0.490362003066385,0.0680596462059955,-0.0369181473478671
0.360225637100455,0.490362003066385,0.0677961485345607,-0.0346217173862537
0.392889183615673,0.490362003066385,0.0672693683201209,-0.0318475200909349
0.425552730130892,0.490362003066385,0.0664914753384315,-0.0286508283777529
0.45821627664611,0.490362003066385,0.065474639365248,-0.0250869151625495
0.490879823161328,0.490362003066385,0.064231030176326,-0.0212110533611669
0.523543369676546,0.490362003066385,0.0627728175474209,-0.0170785158894471
0.556206916191764,0.490362003066385,0.0611121712542884,-0.0127445756632319
0.588870462706982,0.490362003066385,0.0592612610726837,-0.00826450559836355
0.6215340092222,0.490362003066385,0.0572322567783624,-0.00369357861068392
0.654197555737418,0.490362003066385,0.0550373281470802,0.000912932383964923
0.686861102252637,0.490362003066385,0.0526886449545923,0.00549975446974099
0.719524648767855,0.490362003066385,0.0501983769766544,0.0100116147308023
0.752188195283073,0.490362003066385,0.047576621074743,0.0143908072378155
0.784851741798291,0.490362003066385,0.0447909262331505,0.0185296869200817
0.817515288313509,0.490362003066385,0.0417689618892759,0.0222738014285661
0.850178834828727,0.490362003066385,0.0384368589341399,0.0254668925971138
0.882842381343945,0.490362003066385,0.0347207482587634,0.0279527022595698
0.915505927859164,0.490362003066385,0.0305467607541675,0.0295749722497793
0.948169474374382,0.490362003066385,0.025841027311373,0.0301774444015873
0.9808330208896,0.490362003066385,0.0205296788214009,0.0296038605488389
1.01349656740482,0.490362003066385,0.0145388461752723,0.0276979625253792
1.04616011392004,0.490362003066385,0.00779466026400796,0.0243034921650532
1.07882366043525,0.490362003066385,0.000223251978628982,0.019264191301706
1.11148720695047,0.490362003066385,-0.00824924778984378,0.0124238017691827
0.000926625433055684,0.52305280327081,0.0501490741973534,-0.0178194927766776
0.0335901719482738,0.52305280327081,0.0528504906416593,-0.023771218544157
0.066253718463492,0.52305280327081,0.0552334919950722,-0.0286518700670465
0.0989172649787101,0.52305280327081,0.0573057403200269,-0.032518444121314
0.131580811493928,0.52305280327081,0.0590748976789581,-0.0354279374829277
0.164244358009146,0.52305280327081,0.0605486261343008,-0.0374373469278556
0.196907904524365,0.52305280327081,0.0617345877484896,-0.038603669232066
0.229571451039583,0.52305280327081,0.0626404445839593,-0.0389839011715269
0.262234997554801,0.52305280327081,0.0632738587031447,-0.0386350395222063
0.294898544070019,0.52305280327081,0.0636424921684808,-0.0376140810600725
0.327562090585237,0.52305280327081,0.0637540070424022,-0.0359780225610935
0.360225637100455,0.52305280327081,0.0636160653873439,-0.0337838608012376
0.392889183615673,0.52305280327081,0.0632363292657405,-0.0310885925564726
0.425552730130892,0.52305280327081,0.0626224607400269,-0.0279492146027667
0.45821627664611,0.52305280327081,0.061782121872638,-0.0244227237160881
0.490879823161328,0.52305280327081,0.0607229747260083,-0.0205661166724049
0.523543369676546,0.52305280327081,0.059452681362573,-0.0164363902476852
0.556206916191764,0.52305280327081,0.0579789038447665,-0.012090541217897
0.588870462706982,0.52305280327081,0.0563093042350239,-0.00758556635900858
0.6215340092222,0.52305280327081,0.0544515445957799,-0.00297846244698793
0.654197555737418,0.52305280327081,0.0524132869894693,0.00167377374219679
0.686861102252637,0.52305280327081,0.0502021934785271,0.0063141454325775
0.719524648767855,0.52305280327081,0.0478259261253878,0.0108856558481861
0.752188195283073,0.52305280327081,0.0452905121940116,0.0153283374380537
0.784851741798291,0.52305280327081,0.0425684236752693,0.0195212456146044
0.817515288313509,0.52305280327081,0.0396006816587114,0.0232862828427637
0.850178834828727,0.52305280327081,0.036327093863274,0.0264431466361181
0.882842381343945,0.52305280327081,0.0326874680078934,0.0288115345082539
0.915505927859164,0.52305280327081,0.0286216118115059,0.0302111439727574
0.948169474374382,0.52305280327081,0.0240693329930479,0.0304616725432149
0.9808330208896,0.52305280327081,0.0189704392714557,0.0293828177332129
1.01349656740482,0.52305280327081,0.0132647383656655,0.0267942770563376
1.04616011392004,0.52305280327081,0.00689203799461384,0.0225157480261754
1.07882366043525,0.52305280327081,-0.000207854122763132,0.0163669281563126
1.11148720695047,0.52305280327081,-0.00809513026752911,0.00816751496033556
0.000926625433055684,0.555743603475236,0.0470337232749998,-0.0143240932956601
0.0335901719482738,0.555743603475236,0.0493463429289014,-0.0207047160542892
0.066253718463492,0.555743603475236,0.0514104894540035,-0.0259731049322472
0.0989172649787101,0.555743603475236,0.0532291805228203,-0.0301880654087237
0.131580811493928,0.555743603475236,0.0548054338078657,-0.0334084029629082
0.164244358009146,0.555743603475236,0.0561422669816542,-0.0356929230739902
0.196907904524365,0.555743603475236,0.0572426977166994,-0.0371004312211592
0.229571451039583,0.555743603475236,0.0581097436855156,-0.0376897328836048
0.262234997554801,0.555743603475236,0.0587464225606169,-0.0375196335405166
0.294898544070019,0.555743603475236,0.0591557520145172,-0.036648938671084
0.327562090585237,0.555743603475236,0.0593407497197307,-0.0351364537544967
0.360225637100455,0.555743603475236,0.0593044333487714,-0.0330409842699441
0.392889183615673,0.555743603475236,0.0590498205741534,-0.0304213356966158
0.425552730130892,0.555743603475236,0.0585799290683907,-0.0273363135137013
0.45821627664611,0.555743603475236,0.0578977765039977,-0.0238447232003902
0.490879823161328,0.555743603475236,0.0570063805534879,-0.020005370235872
0.523543369676546,0.555743603475236,0.0559087588893759,-0.0158770600993362
0.556206916191764,0.555743603475236,0.0546079291841755,-0.0115185982699725
0.588870462706982,0.555743603475236,0.0531069091104007,-0.00698879022697022
0.6215340092222,0.555743603475236,0.0514087163405659,-0.00234644144951901
0.654197555737418,0.555743603475236,0.0495163685471848,0.00234964258319158
0.686861102252637,0.555743603475236,0.0474328834027717,0.00704065639197205
0.719524648767855,0.555743603475236,0.0451612785798405,0.0116677944976328
0.752188195283073,0.555743603475236,0.0427034262945966,0.0161687969375325
0.784851741798291,0.555743603475236,0.0400376875477328,0.020410498290402
0.817515288313509,0.555743603475236,0.0371203865972509,0.0241932744124795
0.850178834828727,0.555743603475236,0.0339069975272344,0.0273149371933915
0.882842381343945,0.555743603475236,0.0303529944217668,0.029573298522764
0.915505927859164,0.555743603475236,0.0264138513649319,0.0307661702902235
0.948169474374382,0.555743603475236,0.0220450424408129,0.0306913643853961
0.9808330208896,0.555743603475236,0.0172020417334936,0.0291466926979081
1.01349656740482,0.555743603475236,0.0118403233270573,0.0259299671173857
1.04616011392004,0.555743603475236,0.00591536130558775,0.0208389995334553
1.07882366043525,0.555743603475236,-0.000617370246831613,0.013671601835743
1.11148720695047,0.555743603475236,-0.0078023972461173,0.00422558591387511
0.000926625433055684,0.588434403679662,0.0441654928330959,-0.0109740992550534
0.0335901719482738,0.588434403679662,0.0460471399625086,-0.0177708448649297
0.066253718463492,0.588434403679662,0.0477526285351055,-0.0234153403769869
0.0989172649787101,0.588434403679662,0.0492802628512701,-0.0279681783543335
0.131580811493928,0.588434403679662,0.0506283472113857,-0.0314899513600779
0.164244358009146,0.588434403679662,0.0517951859158357,-0.0340412519573286
0.196907904524365,0.588434403679662,0.0527790832650035,-0.035682672709194
0.229571451039583,0.588434403679662,0.0535783435592724,-0.0364748061787825
0.262234997554801,0.588434403679662,0.0541912710990259,-0.0364782449292026
0.294898544070019,0.588434403679662,0.0546161701846474,-0.0357535815235626
0.327562090585237,0.588434403679662,0.0548513451165202,-0.034361408524971
0.360225637100455,0.588434403679662,0.0548951001950278,-0.0323623184965362
0.392889183615673,0.588434403679662,0.0547457397205534,-0.0298169040013668
0.425552730130892,0.588434403679662,0.0544015679934805,-0.0267857576025711
0.45821627664611,0.588434403679662,0.0538608893141925,-0.0233294718632575
0.490879823161328,0.588434403679662,0.0531220079830728,-0.0195086393465345
0.523543369676546,0.588434403679662,0.0521832283005045,-0.0153838526155105
0.556206916191764,0.588434403679662,0.0510428545668714,-0.0110157042332939
0.588870462706982,0.588434403679662,0.0496991910825567,-0.00646478676299324
0.6215340092222,0.588434403679662,0.0481505421479439,-0.00179169276771687
0.654197555737418,0.588434403679662,0.0463952120634162,0.00294298518942676
0.686861102252637,0.588434403679662,0.044431505129357,0.00767865454532922
0.719524648767855,0.588434403679662,0.0422577256461499,0.0123547227368821
0.752188195283073,0.588434403679662,0.0398715645303214,0.0169067134276811
0.784851741798291,0.588434403679662,0.0372581226066329,0.0211904333770217
0.817515288313509,0.588434403679662,0.0343907001779809,0.0249869717734592
0.850178834828727,0.588434403679662,0.0312421422850646,0.0280745352139263
0.882842381343945,0.588434403679662,0.0277852939685832,0.0302313302953557
0.915505927859164,0.588434403679662,0.0239930002692356,0.0312355636146799
0.948169474374382,0.588434403679662,0.019838106227721,0.0308654417688317
0.9808330208896,0.588434403679662,0.0152934568847384,0.0288991713547436
1.01349656740482,0.588434403679662,0.0103318972809868,0.0251149589693483
1.04616011392004,0.588434403679662,0.00492627245716533,0.0192910112095785
1.07882366043525,0.588434403679662,-0.000950572546026889,0.0112055346723669
1.11148720695047,0.588434403679662,-0.00732579268789089,0.000636735954645821
0.000926625433055684,0.621125203884087,0.0415191960829389,-0.00778460622799485
0.0335901719482738,0.621125203884087,0.0429370670292369,-0.0149735014388932
0.066253718463492,0.621125203884087,0.0442524624580561,-0.0209729990563071
0.0989172649787101,0.621125203884087,0.0454589720098292,-0.0258453506455635
0.131580811493928,0.621125203884087,0.046550185324989,-0.0296528077719894
0.164244358009146,0.621125203884087,0.0475196920439686,-0.0324576220009117
0.196907904524365,0.621125203884087,0.0483610818072006,-0.0343220448976572
0.229571451039583,0.621125203884087,0.049067944255118,-0.035308328027553
0.262234997554801,0.621125203884087,0.0496338690281535,-0.0354787229559259
0.294898544070019,0.621125203884087,0.0500524457667401,-0.0348954812481029
0.327562090585237,0.621125203884087,0.0503172641113105,-0.033620854469411
0.360225637100455,0.621125203884087,0.0504219137022977,-0.031717094185177
0.392889183615673,0.621125203884087,0.0503599841801345,-0.0292464519607277
0.425552730130892,0.621125203884087,0.0501250651852534,-0.0262711793613903
0.45821627664611,0.621125203884087,0.0497107463580878,-0.0228535279524916
0.490879823161328,0.621125203884087,0.0491106173390703,-0.0190557492993586
0.523543369676546,0.621125203884087,0.0483182677686336,-0.0149400949673181
0.556206916191764,0.621125203884087,0.0473272872872108,-0.010568816521697
0.588870462706982,0.621125203884087,0.0461312655352345,-0.00600416552782245
0.6215340092222,0.621125203884087,0.0447237921531377,-0.00130839355102119
0.654197555737418,0.621125203884087,0.0430984567813532,0.00345624784337979
0.686861102252637,0.621125203884087,0.0412488490603138,0.00822750709005358
0.719524648767855,0.621125203884087,0.0391685586304526,0.0129431326236733
0.752188195283073,0.621125203884087,0.0368511280550096,0.0175366145999287
0.784851741798291,0.621125203884087,0.0342891336080616,0.0218540393040108
0.817515288313509,0.621125203884087,0.0314742458739881,0.0256595705614485
0.850178834828727,0.621125203884087,0.0283981004958083,0.0287142116427151
0.882842381343945,0.621125203884087,0.0250523331165416,0.0307789658182841
0.915505927859164,0.621125203884087,0.0214285793792074,0.0316148363586287
0.948169474374382,0.621125203884087,0.0175184749268251,0.0309828265342223
0.9808330208896,0.621125203884087,0.0133136554024138,0.0286439396155382
1.01349656740482,0.621125203884087,0.00880575644899306,0.0243591788730498
1.04616011392004,0.621125203884087,0.00398641370958223,0.0178895475772304
1.07882366043525,0.621125203884087,-0.00115273717279938,0.00899604899855343
1.11148720695047,0.621125203884087,-0.00662006055513245,-0.00256031359250788
0.000926625433055684,0.653816004088513,0.0390696462358262,-0.00477070978762207
0.0335901719482738,0.653816004088513,0.0400003094158421,-0.0123165822389946
0.066253718463492,0.653816004088513,0.0409025444425325,-0.0186405036252495
0.0989172649787101,0.653816004088513,0.0417652927029499,-0.0238061499698339
0.131580811493928,0.653816004088513,0.0425774955841468,-0.0278771972961949
0.164244358009146,0.653816004088513,0.0433280944731759,-0.0309173216277797
0.196907904524365,0.653816004088513,0.0440060307570895,-0.0329901989880354
0.229571451039583,0.653816004088513,0.0446002458229403,-0.0341595054004093
0.262234997554801,0.653816004088513,0.0450996810577807,-0.0344889168883485
0.294898544070019,0.653816004088513,0.0454932778486634,-0.0340421094753
0.327562090585237,0.653816004088513,0.0457699775826409,-0.0328827591847111
0.360225637100455,0.653816004088513,0.0459187216467656,-0.0310745420400289
0.392889183615673,0.653816004088513,0.0459284514280902,-0.0286811340647006
0.425552730130892,0.653816004088513,0.0457881083136671,-0.0257662112821733
0.45821627664611,0.653816004088513,0.0454866336905491,-0.0223934497158943
0.490879823161328,0.653816004088513,0.0450129689457884,-0.0186265253893105
0.523543369676546,0.653816004088513,0.0443560554664378,-0.0145291143258692
0.556206916191764,0.653816004088513,0.0435048346395496,-0.0101648925490175
0.588870462706982,0.653816004088513,0.0424482478521766,-0.00559753608220263
0.6215340092222,0.653816004088513,0.0411752364913711,-0.000890720948871689
0.654197555737418,0.653816004088513,0.0396747419441858,0.00389187682752814
0.686861102252637,0.653816004088513,0.0379357055976732,0.00868658122354974
0.719524648767855,0.653816004088513,0.0359470688388858,0.0134297162157459
0.752188195283073,0.653816004088513,0.0336983180224844,0.0180530281457044
0.784851741798291,0.653816004088513,0.0311901253081113,0.0223943045009166
0.817515288313509,0.653816004088513,0.0284336471583593,0.0262032664121932
0.850178834828727,0.653816004088513,0.025440444518509,0.0292262374247505
0.882842381343945,0.653816004088513,0.0222220783338415,0.0312095410838047
0.915505927859164,0.653816004088513,0.0187901095496375,0.031899500934572
0.948169474374382,0.653816004088513,0.015156099111178,0.0310424405222687
0.9808330208896,0.653816004088513,0.0113316079637436,0.0283846833921107
1.01349656740482,0.653816004088513,0.00732819705261539,0.0236725530893146
1.04616011392004,0.653816004088513,0.00315742732307406,0.0166523731590964
1.07882366043525,0.653816004088513,-0.0011691402795995,0.00707046714667227
1.11148720695047,0.653816004088513,-0.00563994481012451,-0.00532684140274159
0.000926625433055684,0.686506804292939,0.036791656503055,-0.00194750550707254
0.0335901719482738,0.686506804292939,0.0372210524090801,-0.00980398372804881
0.066253718463492,0.686506804292939,0.0376954277082126,-0.0164122767388558
0.0989172649787101,0.686506804292939,0.0381992096350851,-0.0218371440145646
0.131580811493928,0.686506804292939,0.0387168254243304,-0.0261433450302467
0.164244358009146,0.686506804292939,0.0392327023105808,-0.0293956392609732
0.196907904524365,0.686506804292939,0.0397312675284691,-0.0316587861818154
0.229571451039583,0.686506804292939,0.0401969483126276,-0.0329975452678445
0.262234997554801,0.686506804292939,0.040614171897689,-0.0334766759941318
0.294898544070019,0.686506804292939,0.0409673655182859,-0.0331609378357485
0.327562090585237,0.686506804292939,0.0412409564090507,-0.0321150902677658
0.360225637100455,0.686506804292939,0.0414193718046162,-0.0304038927652552
0.392889183615673,0.686506804292939,0.0414870389396148,-0.0280921048032876
0.425552730130892,0.686506804292939,0.0414283850486791,-0.0252444858569345
0.45821627664611,0.686506804292939,0.0412278373664416,-0.021925795401267
0.490879823161328,0.686506804292939,0.0408698231275349,-0.0182007929113564
0.523543369676546,0.686506804292939,0.0403387695665916,-0.014134237862274
0.556206916191764,0.686506804292939,0.0396191039182443,-0.00979088972909095
0.588870462706982,0.686506804292939,0.0386952534171255,-0.00523550798687856
0.6215340092222,0.686506804292939,0.0375516452978677,-0.000532852110708057
0.654197555737418,0.686506804292939,0.0361727067951035,0.00425231842434931
0.686861102252637,0.686506804292939,0.0345428651434656,0.00905524414322227
0.719524648767855,0.686506804292939,0.0326465475775863,0.0138111655708396
0.752188195283073,0.686506804292939,0.0304693355865694,0.0184504817564376
0.784851741798291,0.686506804292939,0.0280205024628738,0.0228042173972862
0.817515288313509,0.686506804292939,0.0253315275041807,0.0266102549614389
0.850178834828727,0.686506804292939,0.0224347467122101,0.0296028835050247
0.882842381343945,0.686506804292939,0.0193624960886819,0.0315163920841727
0.915505927859164,0.686506804292939,0.0161471116353161,0.0320850697550119
0.948169474374382,0.686506804292939,0.0128209293538327,0.0310432055736715
0.9808330208896,0.686506804292939,0.00941628524595164,0.0281250885962802
1.01349656740482,0.686506804292939,0.0059655153133929,0.0230650078789674
1.04616011392004,0.686506804292939,0.00250095555787647,0.0155972524778619
1.07882366043525,0.686506804292939,-0.000945058018877689,0.00545611144909278
1.11148720695047,0.686506804292939,-0.00434018941514963,-0.00762412615121093
0.000926625433055684,0.719197604497364,0.0346600400959231,0.000669911040516223
0.0335901719482738,0.719197604497364,0.0345834812957067,-0.00743960236887059
0.066253718463492,0.719197604497364,0.0346236654747738,-0.0142827410521676
0.0989172649787101,0.719197604497364,0.0347607075106875,-0.019924900467176
0.131580811493928,0.719197604497364,0.0349747222810108,-0.0244314760716973
0.164244358009146,0.719197604497364,0.0352458246633067,-0.0278678633235328
0.196907904524365,0.719197604497364,0.035554129535138,-0.0302994576804838
0.229571451039583,0.719197604497364,0.0358797517740681,-0.0317916546003516
0.262234997554801,0.719197604497364,0.0362028062576596,-0.0324098495409377
0.294898544070019,0.719197604497364,0.0365034078634758,-0.0322194379600433
0.327562090585237,0.719197604497364,0.0367616714690796,-0.0312858153154698
0.360225637100455,0.719197604497364,0.036957711952034,-0.0296743770650185
0.392889183615673,0.719197604497364,0.037071644189902,-0.0274505186664908
0.425552730130892,0.719197604497364,0.0370835830602466,-0.024679635577688
0.45821627664611,0.719197604497364,0.0369736434406307,-0.0214271232564116
0.490879823161328,0.719197604497364,0.0367219402086177,-0.0177583771604627
0.523543369676546,0.719197604497364,0.0363085882417701,-0.0137387927476427
0.556206916191764,0.719197604497364,0.0357137024176512,-0.00943376547575306
0.588870462706982,0.719197604497364,0.0349173976138239,-0.00490869080259504
0.6215340092222,0.719197604497364,0.0338997887078512,-0.000228964185969993
0.654197555737418,0.719197604497364,0.0326409905772963,0.00454001891632072
0.686861102252637,0.719197604497364,0.031121118099722,0.00933286304647579
0.719524648767855,0.719197604497364,0.0293202861526913,0.0140841727466938
0.752188195283073,0.719197604497364,0.0272203819010879,0.0187235031235574
0.784851741798291,0.719197604497364,0.0248396698284413,0.0230767664226671
0.817515288313509,0.719197604497364,0.0222305103845394,0.0268727318449314
0.850178834828727,0.719197604497364,0.0194465794359553,0.0298364208285304
0.882842381343945,0.719197604497364,0.0165415528492623,0.0316928548116436
0.915505927859164,0.719197604497364,0.0135691064910335,0.0321670552324508
0.948169474374382,0.719197604497364,0.0105829162278422,0.0309840435291315
0.9808330208896,0.719197604497364,0.0076366579262616,0.0278688411398655
1.01349656740482,0.719197604497364,0.00478400745286481,0.0225464695028326
1.04616011392004,0.719197604497364,0.0020786406742251,0.0147419500562123
1.07882366043525,0.719197604497364,-0.000425766543084353,0.00418030423818446
1.11148720695047,0.719197604497364,-0.00267553833249037,-0.00941344651307145
0.000926625433055684,0.75188840470179,0.0326496102257276,0.0030664442820067
0.0335901719482738,0.75188840470179,0.0320717813624778,-0.00522733462427484
0.066253718463492,0.75188840470179,0.031679810961894,-0.0122463192202266
0.0989172649787101,0.75188840470179,0.0314497710342097,-0.0180559870150882
0.131580811493928,0.75188840470179,0.0313577335896593,-0.0227218155180991
0.164244358009146,0.75188840470179,0.0313797706384765,-0.0263092822384989
0.196907904524365,0.75188840470179,0.0314919541908954,-0.0288838646855273
0.229571451039583,0.75188840470179,0.0316703562571499,-0.0305110403684237
0.262234997554801,0.75188840470179,0.031891048847474,-0.0312562867964278
0.294898544070019,0.75188840470179,0.0321301039721017,-0.0311850814787792
0.327562090585237,0.75188840470179,0.0323635936412669,-0.0303629019247173
0.360225637100455,0.75188840470179,0.0325675898652035,-0.0288552256434818
0.392889183615673,0.75188840470179,0.0327181646541456,-0.0267275301443124
0.425552730130892,0.75188840470179,0.0327913900183271,-0.0240452929364484
0.45821627664611,0.75188840470179,0.032763337967982,-0.0208739915291296
0.490879823161328,0.75188840470179,0.0326100805133441,-0.0172791034315954
0.523543369676546,0.75188840470179,0.0323076896646476,-0.0133261061530855
0.556206916191764,0.75188840470179,0.0318322374321264,-0.00908047720283949
0.588870462706982,0.75188840470179,0.0311597958260143,-0.00460769409009684
0.6215340092222,0.75188840470179,0.0302664368565455,2.67656759028107e-05
0.654197555737418,0.75188840470179,0.0291282325339538,0.00475742458591989
0.686861102252637,0.75188840470179,0.0277212548684732,0.00951880513071484
0.719524648767855,0.75188840470179,0.0260215758703377,0.0142454298010481
0.752188195283073,0.75188840470179,0.0240076581198635,0.0188666199384932
0.784851741798291,0.75188840470179,0.0217070321609058,0.0232049400066062
0.817515288313509,0.75188840470179,0.0191932192725217,0.0269828926984165
0.850178834828727,0.75188840470179,0.016541515048788,0.02991912034026
0.882842381343945,0.75188840470179,0.0138272150837818,0.0317322652584726
0.915505927859164,0.75188840470179,0.0111256149715799,0.0321409697793905
0.948169474374382,0.75188840470179,0.0085120103062594,0.0308638762293494
0.9808330208896,0.75188840470179,0.00606169668189721,0.0276196269346856
1.01349656740482,0.75188840470179,0.00384996969257028,0.0221268642217348
1.04616011392004,0.75188840470179,0.00195212493235558,0.0141042304168332
1.07882366043525,0.75188840470179,0.000443457995330077,0.00327036784631672
1.11148720695047,0.75188840470179,-0.000600735524429293,-0.0106560811634787
0.000926625433055684,0.784579204906215,0.0307351801037659,0.00522699864426139
0.0335901719482738,0.784579204906215,0.0296701378961494,-0.00317107695707636
0.066253718463492,0.784579204906215,0.0288564173892503,-0.0102974338980745
0.0989172649787101,0.784579204906215,0.0282663849101043,-0.0162169713457211
0.131580811493928,0.784579204906215,0.0278724067857469,-0.0209945884670043
0.164244358009146,0.784579204906215,0.0276468493432135,-0.024695184428912
0.196907904524365,0.784579204906215,0.0275620789095399,-0.0273836583984325
0.229571451039583,0.784579204906215,0.0275904618117613,-0.0291249095425537
0.262234997554801,0.784579204906215,0.0277043643769135,-0.0299838370282639
0.294898544070019,0.784579204906215,0.0278761529320318,-0.0300253400225509
0.327562090585237,0.784579204906215,0.028078193804152,-0.0293143176924029
0.360225637100455,0.784579204906215,0.0282828533203094,-0.0279156692048081
0.392889183615673,0.784579204906215,0.0284624978075396,-0.0258942937267543
0.425552730130892,0.784579204906215,0.0285894935928781,-0.0233150904252298
0.45821627664611,0.784579204906215,0.0286362070033605,-0.0202429584672227
0.490879823161328,0.784579204906215,0.0285750043660224,-0.0167427970197209
0.523543369676546,0.784579204906215,0.0283782520078991,-0.0128795052497126
0.556206916191764,0.784579204906215,0.0280183162560263,-0.00871798232418589
0.588870462706982,0.784579204906215,0.0274675634374394,-0.00432312741012878
0.6215340092222,0.784579204906215,0.026698359879174,0.000240160325470645
0.654197555737418,0.784579204906215,0.0256830719082658,0.00490698171562428
0.686861102252637,0.784579204906215,0.0243940658517501,0.00961243759334406
0.719524648767855,0.784579204906215,0.0228037080366625,0.0142916287916419
0.752188195283073,0.784579204906215,0.0208873653967196,0.018874359892674
0.784851741798291,0.784579204906215,0.0186819942163595,0.0231817265786512
0.817515288313509,0.784579204906215,0.0162822776412144,0.0269329331576399
0.850178834828727,0.784579204906215,0.0137851259097518,0.0298432529852061
0.882842381343945,0.784579204906215,0.0112874492604397,0.0316279594169152
0.915505927859164,0.784579204906215,0.00888615793174555,0.0320023258083333
0.948169474374382,0.784579204906215,0.0066781621621372,0.030681625515026
0.9808330208896,0.784579204906215,0.00476037219008226,0.0273811318925591
1.01349656740482,0.784579204906215,0.00322969825404847,0.0218161182964985
1.04616011392004,0.784579204906215,0.00218305059250355,0.0137018580824099
1.07882366043525,0.784579204906215,0.00171733944391518,0.002753624605859
1.11148720695047,0.784579204906215,0.00192947504675105,-0.0113133087775884
0.000926625433055684,0.817270005110641,0.0288915629413355,0.00713647855414278
0.0335901719482738,0.817270005110641,0.0273627361834771,-0.00127472583009
0.066253718463492,0.817270005110641,0.0261460379765207,-0.00843050774075295
0.0989172649787101,0.817270005110641,0.025210533842824,-0.0143944211464951
0.131580811493928,0.817270005110641,0.0245252893047448,-0.0192300200159653
0.164244358009146,0.817270005110641,0.024059369884641,-0.0230008583178128
0.196907904524365,0.817270005110641,0.0237818411048702,-0.0257704900206862
0.229571451039583,0.817270005110641,0.0236617684877904,-0.0276024690932348
0.262234997554801,0.817270005110641,0.0236682175557593,-0.0285603495041075
0.294898544070019,0.817270005110641,0.0237702538311347,-0.0287076852219533
0.327562090585237,0.817270005110641,0.0239369428362743,-0.0281080302154211
0.360225637100455,0.817270005110641,0.0241373500935361,-0.02682493845316
0.392889183615673,0.817270005110641,0.0243405411252778,-0.0249219639038188
0.425552730130892,0.817270005110641,0.0245155814538571,-0.0224626605360467
0.45821627664611,0.817270005110641,0.0246315366016319,-0.0195105823184926
0.490879823161328,0.817270005110641,0.02465747209096,-0.0161292832198054
0.523543369676546,0.817270005110641,0.0245624534441991,-0.0123823172086342
0.556206916191764,0.817270005110641,0.0243155461837071,-0.00833323825362794
0.588870462706982,0.817270005110641,0.0238858158318417,-0.00404560032343561
0.6215340092222,0.817270005110641,0.0232423279109608,0.000417042613293817
0.654197555737418,0.817270005110641,0.0223541479434221,0.00499113658791134
0.686861102252637,0.817270005110641,0.0211903414515835,0.00961312763176798
0.719524648767855,0.817270005110641,0.0197199739578027,0.0142194617762147
0.752188195283073,0.817270005110641,0.0179157048854795,0.0187412506775291
0.784851741798291,0.817270005110641,0.0158239607508943,0.023000114568349
0.817515288313509,0.817270005110641,0.0135603089637039,0.0267150488583474
0.850178834828727,0.817270005110641,0.0112429843778903,0.029601089708361
0.882842381343945,0.817270005110641,0.00899022184743525,0.0313732732792266
0.915505927859164,0.817270005110641,0.00692025622632069,0.0317466357317814
0.948169474374382,0.817270005110641,0.0051513223685285,0.030436213226862
0.9808330208896,0.817270005110641,0.0038016551280405,0.0271570419253053
1.01349656740482,0.817270005110641,0.00298948935883859,0.0216241579879483
1.04616011392004,0.817270005110641,0.00283305991490465,0.0135525975756278
1.07882366043525,0.817270005110641,0.00345060165022052,0.00265739684918078
1.11148720695047,0.817270005110641,0.00496034941876811,-0.0113464080305561
0.000926625433055684,0.849960805315067,0.0270935719497337,0.00877978843851335
0.0335901719482738,0.849960805315067,0.025133761511217,0.000457822293869402
0.066253718463492,0.849960805315067,0.0235412259433826,-0.00663996340330363
0.0989172649787101,0.849960805315067,0.0222822025368214,-0.0125749041048302
0.131580811493928,0.849960805315067,0.0213229285821243,-0.0174083352625346
0.164244358009146,0.849960805315067,0.020629641369882,-0.0212015923282415
0.196907904524365,0.849960805315067,0.0201685781906854,-0.0240160107537751
0.229571451039583,0.849960805315067,0.0199059763351254,-0.02591292599096
0.262234997554801,0.849960805315067,0.0198080730937929,-0.0269536734916206
0.294898544070019,0.849960805315067,0.0198411057572786,-0.0271995887075812
0.327562090585237,0.849960805315067,0.0199713116161735,-0.0267120070906663
0.360225637100455,0.849960805315067,0.0201649279610684,-0.0255522640927005
0.392889183615673,0.849960805315067,0.0203881920825541,-0.0237816951655079
0.425552730130892,0.849960805315067,0.0206073412712215,-0.0214616357609133
0.45821627664611,0.849960805315067,0.0207886128176615,-0.0186534213307409
0.490879823161328,0.849960805315067,0.0208982440124648,-0.0154183873268151
0.523543369676546,0.849960805315067,0.0209024721462224,-0.0118178692009604
0.556206916191764,0.849960805315067,0.0207675345095251,-0.00791320240500129
0.588870462706982,0.849960805315067,0.0204596683929638,-0.00376572239076212
0.6215340092222,0.849960805315067,0.0199451110871293,0.000563235389932628
0.654197555737418,0.849960805315067,0.0191900998826125,0.00501233548525855
0.686861102252637,0.849960805315067,0.0181608720700041,0.00952024244339123
0.719524648767855,0.849960805315067,0.0168236649398952,0.0140256208125062
0.752188195283073,0.849960805315067,0.0151488777399668,0.0184618199844877
0.784851741798291,0.849960805315067,0.0131923365206023,0.0226530924052471
0.817515288313509,0.849960805315067,0.011089936713077,0.0263214354362846
0.850178834828727,0.849960805315067,0.0089806628122469,0.0291849014547173
0.882842381343945,0.849960805315067,0.00700349931296777,0.0309615428376622
0.915505927859164,0.849960805315067,0.00529743071009557,0.0313694119622368
0.948169474374382,0.849960805315067,0.00400144149848625,0.030126561205558
0.9808330208896,0.849960805315067,0.00325451617299568,0.0269510429447429
1.01349656740482,0.849960805315067,0.0031956392284798,0.0215609095569086
1.04616011392004,0.849960805315067,0.0039637951597945,0.0136742134191725
1.07882366043525,0.849960805315067,0.0056979684617957,0.00300900690865148
1.11148720695047,0.849960805315067,0.00853714362933933,-0.0107166575975373
0.000926625433055684,0.882651605519492,0.0253160203402579,0.0101418327242356
0.0335901719482738,0.882651605519492,0.0229673991661249,0.00202267095198701
0.066253718463492,0.882651605519492,0.0210345345095137,-0.00492022354076817
0.0989172649787101,0.882651605519492,0.0194813756965493,-0.0107449879081465
0.131580811493928,0.882651605519492,0.0182718720533564,-0.0155097593042645
0.164244358009146,0.882651605519492,0.0173699729060597,-0.0192726748832388
0.196907904524365,0.882651605519492,0.0167396275807842,-0.0220918717991859
0.229571451039583,0.882651605519492,0.0163447854036545,-0.0240254872062223
0.262234997554801,0.882651605519492,0.0161493957007955,-0.0251316582584646
0.294898544070019,0.882651605519492,0.016117407798332,-0.0254685221100294
0.327562090585237,0.882651605519492,0.0162127710223888,-0.0250942159150331
0.360225637100455,0.882651605519492,0.0163994346990906,-0.0240668768275925
0.392889183615673,0.882651605519492,0.0166413481545623,-0.0224446420018239
0.425552730130892,0.882651605519492,0.0169024607149287,-0.0202856485918439
0.45821627664611,0.882651605519492,0.0171467217063145,-0.0176480337517692
0.490879823161328,0.882651605519492,0.0173380804548446,-0.0145899346357162
0.523543369676546,0.882651605519492,0.0174404862866437,-0.0111694883978015
0.556206916191764,0.882651605519492,0.0174178885278367,-0.0074448321921416
0.588870462706982,0.882651605519492,0.0172342365045483,-0.00347410317285314
0.6215340092222,0.882651605519492,0.0168534795429033,0.000684561505947383
0.654197555737418,0.882651605519492,0.0162395669690266,0.0049730246901434
0.686861102252637,0.882651605519492,0.0153564481090429,0.00933314922561838
0.719524648767855,0.882651605519492,0.014168072289077,0.0137067979582557
0.752188195283073,0.882651605519492,0.0126430851140049,0.0180305955049791
0.784851741798291,0.882651605519492,0.0108465262815757,0.0221336485188926
0.817515288313509,0.882651605519492,0.00893378436242035,0.0257442885271973
0.850178834828727,0.882651605519492,0.0070637335718652,0.0285869591692674
0.882842381343945,0.882651605519492,0.00539524812523648,0.0303861040844774
0.915505927859164,0.882651605519492,0.00408720223786045,0.0308661669122017
0.948169474374382,0.882651605519492,0.00329847012506338,0.0297515912918147
0.9808330208896,0.882651605519492,0.00318792600217156,0.0267668208626907
1.01349656740482,0.882651605519492,0.00391444408451126,0.021636299264204
1.04616011392004,0.882651605519492,0.00563689858740875,0.0140844701357292
1.07882366043525,0.882651605519492,0.00851416372619028,0.00383577711664055
1.11148720695047,0.882651605519492,0.0127051137161822,-0.00938533615368765
0.000926625433055684,0.915342405723918,0.0235337213242055,0.011207515838172
0.0335901719482738,0.915342405723918,0.0208478344349565,0.00341592368144798
0.066253718463492,0.915342405723918,0.0186185168945916,-0.00326571080818825
0.0989172649787101,0.915342405723918,0.0168080380264602,-0.00889124024386422
0.131580811493928,0.915342405723918,0.0153786671539123,-0.0135145172387074
0.164244358009146,0.915342405723918,0.0142926736002974,-0.0171893944058452
0.196907904524365,0.915342405723918,0.0135123266889653,-0.0199697243584051
0.229571451039583,0.915342405723918,0.0129998957432658,-0.0219093597095147
0.262234997554801,0.915342405723918,0.0127176500865486,-0.0230621530723014
0.294898544070019,0.915342405723918,0.0126278590421633,-0.0234819570598926
0.327562090585237,0.915342405723918,0.0126927919334597,-0.0232226242854159
0.360225637100455,0.915342405723918,0.0128747180837875,-0.0223380073619988
0.392889183615673,0.915342405723918,0.0131359068164964,-0.0208819589027686
0.425552730130892,0.915342405723918,0.0134386274549362,-0.0189083315208529
0.45821627664611,0.915342405723918,0.0137451493224565,-0.0164709778293792
0.490879823161328,0.915342405723918,0.0140177417424071,-0.0136237504414749
0.523543369676546,0.915342405723918,0.0142186740381377,-0.0104205019702675
0.556206916191764,0.915342405723918,0.014310215532998,-0.00691508502888454
0.588870462706982,0.915342405723918,0.0142546355503377,-0.0031613522304534
0.6215340092222,0.915342405723918,0.0140142034135065,0.000786843811898382
0.654197555737418,0.915342405723918,0.0135511884458543,0.00487565048504334
0.686861102252637,0.915342405723918,0.0128278599707306,0.009051215175854
0.719524648767855,0.915342405723918,0.0118064873114852,0.0132596852712029
0.752188195283073,0.915342405723918,0.0104545281614172,0.0174421049304325
0.784851741798291,0.915342405723918,0.00884593478990639,0.0214347713388329
0.817515288313509,0.915342405723918,0.00715447538482046,0.0249758037668312
0.850178834828727,0.915342405723918,0.00555776901578874,0.027799533797004
0.882842381343945,0.915342405723918,0.00423343475244063,0.0296402930119275
0.915505927859164,0.915342405723918,0.00335909166440552,0.0302324129941784
0.948169474374382,0.915342405723918,0.00311235882131282,0.029310225326333
0.9808330208896,0.915342405723918,0.0036708552927919,0.0266080615909677
1.01349656740482,0.915342405723918,0.00521220014847219,0.0218602533706591
1.04616011392004,0.915342405723918,0.00791401245798304,0.0148011322479835
1.07882366043525,0.915342405723918,0.0119539112909539,0.00516502980551746
1.11148720695047,0.915342405723918,0.0175095157170141,-0.00731372237416272
0.000926625433055684,0.948033205928344,0.0217214881128739,0.011961742207185
0.0335901719482738,0.948033205928344,0.0187592526044679,0.00463368401943748
0.066253718463492,0.948033205928344,0.0162857263182937,-0.00167084786060557
0.0989172649787101,0.948033205928344,0.0142621742310068,-0.00700022879940346
0.131580811493928,0.948033205928344,0.0126498613192631,-0.0114028341634155
0.164244358009146,0.948033205928344,0.0114100525597182,-0.0149270393191011
0.196907904524365,0.948033205928344,0.0105040129290278,-0.0176212196329196
0.229571451039583,0.948033205928344,0.00989300740384761,-0.0195337504713303
0.262234997554801,0.948033205928344,0.00953830096083339,-0.0207130072007926
0.294898544070019,0.948033205928344,0.00940115857664084,-0.0212073651877658
0.327562090585237,0.948033205928344,0.00944284522792565,-0.0210651997987093
0.360225637100455,0.948033205928344,0.00962462589134353,-0.0203348864000823
0.392889183615673,0.948033205928344,0.00990776554355021,-0.0190648003583443
0.425552730130892,0.948033205928344,0.0102535291612014,-0.0173033170399546
0.45821627664611,0.948033205928344,0.0106231817209528,-0.0150988118113726
0.490879823161328,0.948033205928344,0.0109779881994601,-0.0124996600390575
0.523543369676546,0.948033205928344,0.011279213573379,-0.0095542370894688
0.556206916191764,0.948033205928344,0.0114881228193653,-0.00631091832906575
0.588870462706982,0.948033205928344,0.0115659809140746,-0.00281807912430773
0.6215340092222,0.948033205928344,0.0114740528341627,0.000875905158345935
0.654197555737418,0.948033205928344,0.0111736035562853,0.00472265915243585
0.686861102252637,0.948033205928344,0.010625898057098,0.00867380749150274
0.719524648767855,0.948033205928344,0.00979220131325667,0.0126809748090872
0.752188195283073,0.948033205928344,0.00863940803602706,0.0166908759522771
0.784851741798291,0.948033205928344,0.00724996680168656,0.0205494492946151
0.817515288313509,0.948033205928344,0.00581463325336398,0.0240081767909321
0.850178834828727,0.948033205928344,0.00452834150306106,0.0268148962829193
0.882842381343945,0.948033205928344,0.00358602566277953,0.0287174456122678
0.915505927859164,0.948033205928344,0.00318261984452109,0.0294636626206688
0.948169474374382,0.948033205928344,0.0035130581602875,0.0288013851498135
0.9808330208896,0.948033205928344,0.00477227472208046,0.0264784510413929
1.01349656740482,0.948033205928344,0.00715520364190173,0.0222426981370983
1.04616011392004,0.948033205928344,0.010856779031753,0.0158419642786208
1.07882366043525,0.948033205928344,0.016071935003636,0.00702408730765163
1.11148720695047,0.948033205928344,0.0229956056695524,-0.00446309493411815
0.000926625433055684,0.980724006132769,0.0198541339175604,0.0123894162581372
0.0335901719482738,0.980724006132769,0.0166858389614149,0.00567205550314065
0.066253718463492,0.980724006132769,0.0140287160002978,-0.000130057353061749
0.0989172649787101,0.980724006132769,0.0118437690146419,-0.00505852126218434
0.131580811493928,0.980724006132769,0.0100920019848801,-0.0091549351759414
0.164244358009146,0.980724006132769,0.00873441889144526,-0.0124608980460472
0.196907904524365,0.980724006132769,0.00773202371477027,-0.015018008824216
0.229571451039583,0.980724006132769,0.007045820435288,-0.0168678664621622
0.262234997554801,0.980724006132769,0.0066368130334313,-0.0180520699116
0.294898544070019,0.980724006132769,0.00646600548963304,-0.0186122181242437
0.327562090585237,0.980724006132769,0.00649440178432609,-0.0185899100518076
0.360225637100455,0.980724006132769,0.00668300589794331,-0.018026744646006
0.392889183615673,0.980724006132769,0.00699282181091758,-0.0169643208585531
0.425552730130892,0.980724006132769,0.00738485350368176,-0.0154442376411634
0.45821627664611,0.980724006132769,0.00782010495666872,-0.013508093945551
0.490879823161328,0.980724006132769,0.00825958015031133,-0.0111974887234303
0.523543369676546,0.980724006132769,0.00866428306504244,-0.00855402092651547
0.556206916191764,0.980724006132769,0.00899521768129494,-0.00561928950652091
0.588870462706982,0.980724006132769,0.00921338797950168,-0.00243489341516089
0.6215340092222,0.980724006132769,0.00927979794009553,0.000957568395850303
0.654197555737418,0.980724006132769,0.00915545154350936,0.0045164969747984
0.686861102252637,0.980724006132769,0.00880135277017606,0.00820029336996911
0.719524648767855,0.980724006132769,0.00817850560052848,0.0119673586296481
0.752188195283073,0.980724006132769,0.00725392589165806,0.0157714362619421
0.784851741798291,0.980724006132769,0.00611802707300822,0.0194706708157866
0.817515288313509,0.980724006132769,0.00497688144113752,0.0228336032352458
0.850178834828727,0.980724006132769,0.00404102339272567,0.0256253175720061
0.882842381343945,0.980724006132769,0.00352098732445238,0.0276108978777537
0.915505927859164,0.980724006132769,0.00362730763299737,0.0285554282041752
0.948169474374382,0.980724006132769,0.00457051871504033,0.0282239926029569
0.9808330208896,0.980724006132769,0.00656115496726098,0.026381675125785
1.01349656740482,0.980724006132769,0.00980975078633907,0.0227935598243461
1.04616011392004,0.980724006132769,0.0145268405689542,0.0172247307503265
1.07882366043525,0.980724006132769,0.0209229587117862,0.00944027195541253
1.11148720695047,0.980724006132769,0.0292086396115148,-0.000794732508709485
0.000926625433055684,1.01341480633719,0.0179064719495625,0.012475442417891
0.0335901719482738,1.01341480633719,0.0146117787925533,0.0065271416697427
0.066253718463492,1.01341480633719,0.0118400391602814,0.00136223805940151
0.0989172649787101,1.01341480633719,0.00955280708181795,-0.00305268531962701
0.131580811493928,1.01341480633719,0.00771163658623433,-0.00675104537383731
0.164244358009146,1.01341480633719,0.00627808170260182,-0.00976625900972383
0.196907904524365,1.01341480633719,0.00521369645999167,-0.012131743133781
0.229571451039583,1.01341480633719,0.00448003488747519,-0.0138809146525033
0.262234997554801,1.01341480633719,0.00403865101412364,-0.0150471904723852
0.294898544070019,1.01341480633719,0.0038510988690083,-0.015663987499921
0.327562090585237,1.01341480633719,0.00387893248120047,-0.0157647226416054
0.360225637100455,1.01341480633719,0.00408370587977141,-0.0153828128039326
0.392889183615673,1.01341480633719,0.00442697309379241,-0.0145516748933971
0.425552730130892,1.01341480633719,0.00487028815233475,-0.0133047258164935
0.45821627664611,1.01341480633719,0.00537520508446972,-0.0116753824797161
0.490879823161328,1.01341480633719,0.00590327791926858,-0.00969706178955933
0.523543369676546,1.01341480633719,0.00641606068580263,-0.00740318065251775
0.556206916191764,1.01341480633719,0.00687510741314316,-0.00482715597508571
0.588870462706982,1.01341480633719,0.00724197213036141,-0.00200240466375769
0.6215340092222,1.01341480633719,0.00747820886652871,0.00103765637497184
0.654197555737418,1.01341480633719,0.0075453716507163,0.00425961023460849
0.686861102252637,1.01341480633719,0.00740501451199548,0.00763004000865773
0.719524648767855,1.01341480633719,0.00701869147943753,0.0111155287906252
0.752188195283073,1.01341480633719,0.00635428288213361,0.0146783135508567
0.784851741798291,1.01341480633719,0.00550952035996348,0.0181914243318946
0.817515288313509,1.01341480633719,0.00470384342122772,0.0214442787355179
0.850178834828727,1.01341480633719,0.00416138704382613,0.0242230686092566
0.882842381343945,1.01341480633719,0.00410628620565848,0.0263139858006406
0.915505927859164,1.01341480633719,0.00476267588462459,0.0275032221571997
0.948169474374382,1.01341480633719,0.00635469105862424,0.0275769695264639
0.9808330208896,1.01341480633719,0.00910646670555723,0.0263214197559631
1.01349656740482,1.01341480633719,0.0132421378033234,0.0235227646932271
1.04616011392004,1.01341480633719,0.0189858393298224,0.018967196185786
1.07882366043525,1.01341480633719,0.0265617062629542,0.0124409060811696
1.11148720695047,1.01341480633719,0.0361938735806185,0.00373008622690767
0.000926625433055684,1.04610560654162,0.0158533154201776,0.0122047251133089
0.0335901719482738,1.04610560654162,0.012521257384639,0.00719504605642875
0.066253718463492,1.04610560654162,0.00971224901792206,0.00281161572174256
0.0989172649787101,1.04610560654162,0.00738927313698771,-0.000969288659151586
0.131580811493928,1.04610560654162,0.00551531255879702,-0.00417138985465565
0.164244358009146,1.04610560654162,0.00405335010031103,-0.00681841063317156
0.196907904524365,1.04610560654162,0.00296636857849079,-0.00893407376310127
0.229571451039583,1.04610560654162,0.00221735081029735,-0.0105421020128467
0.262234997554801,1.04610560654162,0.00176927961269174,-0.0116662181508099
0.294898544070019,1.04610560654162,0.00158513780263501,-0.0123301449453927
0.327562090585237,1.04610560654162,0.0016279081970882,-0.0125576051649971
0.360225637100455,1.04610560654162,0.00186057361301237,-0.012372321578025
0.392889183615673,1.04610560654162,0.00224611686736855,-0.0117980169528784
0.425552730130892,1.04610560654162,0.00274752077711779,-0.0108584140579592
0.45821627664611,1.04610560654162,0.00332776815922113,-0.00957723566166946
0.490879823161328,1.04610560654162,0.00394984183063962,-0.00797820453241097
0.523543369676546,1.04610560654162,0.0045767246083343,-0.00608504343858576
0.556206916191764,1.04610560654162,0.00517139930926622,-0.00392147514859576
0.588870462706982,1.04610560654162,0.00569684875039641,-0.00151122243084291
0.6215340092222,1.04610560654162,0.00611605574868593,0.00112199194627084
0.654197555737418,1.04610560654162,0.00639200312109581,0.00395444521434352
0.686861102252637,1.04610560654162,0.00648767368458712,0.0069624146049732
0.719524648767855,1.04610560654162,0.00636605025612086,0.010122177349758
0.752188195283073,1.04610560654162,0.00599668016127711,0.0134060355104502
0.784851741798291,1.04610560654162,0.00548385141864439,0.0167046982724863
0.817515288313509,1.04610560654162,0.0050581426667212,0.0198323989274942
0.850178834828727,1.04610560654162,0.00495500481540596,0.0226004203396634
0.882842381343945,1.04610560654162,0.00540988877459709,0.0248200453731836
0.915505927859164,1.04610560654162,0.00665824545419303,0.0263025568922444
0.948169474374382,1.04610560654162,0.00893552576409217,0.0268592377610353
0.9808330208896,1.04610560654162,0.012477180614193,0.026301370843746
1.01349656740482,1.04610560654162,0.0175186609143939,0.0244402390045659
1.04616011392004,1.04610560654162,0.0242954175745932,0.0210871251076848
1.07882366043525,1.04610560654162,0.0330429015046895,0.0160533120172923
1.11148720695047,1.04610560654162,0.0439965636145811,0.00915008259757774
0.000926625433055684,1.07879640674605,0.0136694775407029,0.0115621687712534
0.0335901719482738,1.07879640674605,0.0103984600244279,0.00767187220038396
0.066253718463492,1.07879640674605,0.00763789879289745,0.00422365297891973
0.0989172649787101,1.07879640674605,0.00535315188460384,0.00120510103182179
0.131580811493928,1.07879640674605,0.0035095773380393,-0.00139619371594878
0.164244358009146,1.07879640674605,0.00207253319169609,-0.00359264133943089
0.196907904524365,1.07879640674605,0.00100737748406646,-0.00539665191366351
0.229571451039583,1.07879640674605,0.000279468253642659,-0.00682063551368552
0.262234997554801,1.07879640674605,-0.000145836461083054,-0.00787700221453588
0.294898544070019,1.07879640674605,-0.000303178621618444,-0.00857816209125347
0.327562090585237,1.07879640674605,-0.000227200189471244,-0.00893652521887727
0.360225637100455,1.07879640674605,4.74568738507826e-05,-0.00896450167244616
0.392889183615673,1.07879640674605,0.000486150606839892,-0.00867450152699911
0.425552730130892,1.07879640674605,0.00105423904798833,-0.00807893485757502
0.45821627664611,1.07879640674605,0.00171708023578835,-0.0071902117392128
0.490879823161328,1.07879640674605,0.0024400322087322,-0.00602074224695138
0.523543369676546,1.07879640674605,0.00318845300531214,-0.00458293645582972
0.556206916191764,1.07879640674605,0.00392770066402041,-0.00288920444088674
0.588870462706982,1.07879640674605,0.00462313322334926,-0.000951956277161326
0.6215340092222,1.07879640674605,0.00524010872179094,0.00121639796030758
0.654197555737418,1.07879640674605,0.0057439851978377,0.00360344819648101
0.686861102252637,1.07879640674605,0.00610012068998178,0.00619678435632012
0.719524648767855,1.07879640674605,0.00627387323671546,0.00898399636478589
0.752188195283073,1.07879640674605,0.006237318882912,0.0119491298321518
0.784851741798291,1.07879640674605,0.00610042500514301,0.015003481067109
0.817515288313509,1.07879640674605,0.00610240265070457,0.0179901594469204
0.850178834828727,1.07879640674605,0.0064874490665087,0.0207496437082191
0.882842381343945,1.07879640674605,0.00749976149946748,0.0231224125876383
0.915505927859164,1.07879640674605,0.0093835371964929,0.0249489448218115
0.948169474374382,1.07879640674605,0.012382973404497,0.0260697191473718
0.9808330208896,1.07879640674605,0.0167422673703919,0.0263252143009525
1.01349656740482,1.07879640674605,0.0227056163410897,0.025555909019187
1.04616011392004,1.07879640674605,0.0305172175635022,0.0236022820387084
1.07882366043525,1.07879640674605,0.0404212682845416,0.02030481209615
1.11148720695047,1.07879640674605,0.05266196575112,0.0155039779281451
0.000926625433055684,1.11148720695047,0.011329771522436,0.010532677818587
0.0335901719482738,1.11148720695047,0.00822757199867581,0.0079537236387935
0.066253718463492,1.11148720695047,0.00560954170488514,0.00560392717589134
0.0989172649787101,1.11148720695047,0.00344442802911898,0.00348391606587299
0.131580811493928,1.11148720695047,0.00170097835943233,0.00159431794473092
0.164244358009146,1.11148720695047,0.000347940083880171,-6.42395515423798e-05
0.196907904524365,1.11148720695047,-0.000645939409482496,-0.00149112878695441
0.229571451039583,1.11148720695047,-0.00131191273260068,-0.00268572212551273
0.262234997554801,1.11148720695047,-0.00168123249741939,-0.00364739193122481
0.294898544070019,1.11148720695047,-0.00178515131588364,-0.0043755105680982
0.327562090585237,1.11148720695047,-0.00165492179993843,-0.0048694504001404
0.360225637100455,1.11148720695047,-0.00132179656152878,-0.00512858379135893
0.392889183615673,1.11148720695047,-0.000817028212599692,-0.00515228310576135
0.425552730130892,1.11148720695047,-0.000171869365096172,-0.00493992070735511
0.45821627664611,1.11148720695047,0.000582427369036757,-0.00449086896014778
0.490879823161328,1.11148720695047,0.00141460937785411,-0.00380450022814686
0.523543369676546,1.11148720695047,0.00229342404941085,-0.00288018687535987
0.556206916191764,1.11148720695047,0.003187618771762,-0.00171730126579431
0.588870462706982,1.11148720695047,0.00406594093296253,-0.000315215763457751
0.6215340092222,1.11148720695047,0.00489713792106742,0.00132669726764236
0.654197555737418,1.11148720695047,0.0056499571241317,0.00320906546349844
0.686861102252637,1.11148720695047,0.00629314593021032,0.00533251646010302
0.719524648767855,1.11148720695047,0.0067954517273583,0.00769767789344853
0.752188195283073,1.11148720695047,0.00713240020086174,0.0103021242073907
0.784851741798291,1.11148720695047,0.00741864587555142,0.0130807611453101
0.817515288313509,1.11148720695047,0.00789924684626444,0.0159097559295423
0.850178834828727,1.11148720695047,0.00882429215617788,0.0186630096599159
0.882842381343945,1.11148720695047,0.0104438708484688,0.02121442343626
0.915505927859164,1.11148720695047,0.0130080719663145,0.0234378983584031
0.948169474374382,1.11148720695047,0.0167669845528918,0.0252073355261741
0.9808330208896,1.11148720695047,0.0219706976513779,0.0263966360394017
1.01349656740482,1.11148720695047,0.02886930030495,0.0268797009979148
1.04616011392004,1.11148720695047,0.037712881556785,0.026530431501542
1.07882366043525,1.11148720695047,0.0487515304500601,0.0252227286501122
1.11148720695047,1.11148720695047,0.0622353360279525,0.0228304935434542
