"n","m","rep_id","seed","Method","MSPE","Coverage","MSE_1","MSE_0"
1000,5,1,42,"BSGL",0.110556008111167,1,0.119947796625405,0.0501936056443224
1000,5,1,42,"GGP-GAM",0.0937575985433931,NA,0.0600796172950908,0.0175165471813479
1000,5,1,42,"GSVC",0.102206228831152,0.97,0.0694229334138321,0.0724125574175764
1000,5,1,42,"MGWR",0.339451725138676,NA,0.789168312435184,0.0595527700267265
1000,5,2,123,"BSGL",0.11987551643879,0.995,0.123502633467309,0.037274339322884
1000,5,2,123,"GGP-GAM",0.114940600641124,NA,0.101972036432516,0.00678263439817351
1000,5,2,123,"GSVC",0.123179732703394,0.945,0.0901896955077539,0.115978417893172
1000,5,2,123,"MGWR",0.445861441173217,NA,0.900737067173292,0.0150645494206328
1000,5,3,456,"BSGL",0.113611476568378,1,0.197587282778504,0.0606088264005847
1000,5,3,456,"GGP-GAM",0.100089913026962,NA,0.0819753334458898,0.00474158469789843
1000,5,3,456,"GSVC",0.108376899819547,0.99,0.106531556018813,0.072224318164998
1000,5,3,456,"MGWR",0.427354899959322,NA,0.841142186640367,0.0178139941020399
1000,5,4,789,"BSGL",0.115524852661367,1,0.175764465925412,0.0511453835865962
1000,5,4,789,"GGP-GAM",0.11726853487106,NA,0.0839893500050185,0.00554004408189483
1000,5,4,789,"GSVC",0.110907461246525,0.975,0.106431700711323,0.10395124626438
1000,5,4,789,"MGWR",0.432323099159147,NA,0.986862111545789,0.0334503114664085
1000,5,5,101,"BSGL",0.1374456304298,0.995,0.230474877129444,0.0624490233764508
1000,5,5,101,"GGP-GAM",0.127867665646489,NA,0.096906737815606,0.012521893045517
1000,5,5,101,"GSVC",0.132911085583637,0.935,0.132150825584138,0.0889552724605592
1000,5,5,101,"MGWR",0.294672674436886,NA,0.964862511668886,0.0452519437511386
1000,5,6,202,"BSGL",0.107822417199064,1,0.168681831177903,0.0537046711916964
1000,5,6,202,"GGP-GAM",0.0928855275011045,NA,0.06956569312276,0.00931588785228117
1000,5,6,202,"GSVC",0.100512408186879,0.97,0.0847916712254618,0.0761225623138804
1000,5,6,202,"MGWR",0.3523800007592,NA,0.984754388271625,0.0177112707814839
1000,5,7,303,"BSGL",0.158146666150838,0.99,0.181495312450259,0.0582938973462134
1000,5,7,303,"GGP-GAM",0.13841679431117,NA,0.0862286320909559,0.0155057146047715
1000,5,7,303,"GSVC",0.155438142286481,0.925,0.124835642103624,0.0894195814134186
1000,5,7,303,"MGWR",0.470782155771967,NA,0.837854481458999,0.074728910915763
1000,5,8,404,"BSGL",0.132453414054908,0.995,0.160959664974684,0.0632338436900314
1000,5,8,404,"GGP-GAM",0.124389523471354,NA,0.0715554461117903,0.00933051942642404
1000,5,8,404,"GSVC",0.132205697881675,0.935,0.0894534190778839,0.125960320227715
1000,5,8,404,"MGWR",0.466548610953198,NA,1.2686224594345,0.154365228764351
1000,5,9,505,"BSGL",0.117156572307413,0.995,0.139734572588021,0.0552658858747396
1000,5,9,505,"GGP-GAM",0.118969497758875,NA,0.0766704403048393,0.0236691953975647
1000,5,9,505,"GSVC",0.112496646468254,0.97,0.100177690517497,0.0936696826905592
1000,5,9,505,"MGWR",0.450368499785961,NA,1.04616134905714,0.0619550016444827
1000,5,10,606,"BSGL",0.12757558484962,0.995,0.205338221606865,0.0561762605590468
1000,5,10,606,"GGP-GAM",0.124000831459153,NA,0.102168678275973,0.0159474381599135
1000,5,10,606,"GSVC",0.133507858245286,0.935,0.139941650535741,0.104518247427314
1000,5,10,606,"MGWR",0.674778769760616,NA,0.779792529119335,0.0296317123694391
1000,10,1,42,"BSGL",0.165014581037657,0.99,0.220061629580268,0.0517684501897124
1000,10,1,42,"GGP-GAM",0.154546367529042,NA,0.120411201597138,0.0229664832972629
1000,10,1,42,"GSVC",0.232691848133694,0.93,0.131419005561986,0.132023493493948
1000,10,1,42,"MGWR",0.609048762771062,NA,0.985047670506786,0.0732186396203916
1000,10,2,123,"BSGL",0.163798474754878,1,0.26849083165779,0.0756988649031813
1000,10,2,123,"GGP-GAM",0.152659814404611,NA,0.123532924810786,0.0469449427789833
1000,10,2,123,"GSVC",0.187980527173671,0.92,0.184996873083633,0.205323944768995
1000,10,2,123,"MGWR",0.455249138910683,NA,0.966506178922571,0.029963035859554
1000,10,3,456,"BSGL",0.147016455146958,0.995,0.185575989065142,0.0550632522968279
1000,10,3,456,"GGP-GAM",0.120656671403146,NA,0.0834432746130348,0.0245529032330836
1000,10,3,456,"GSVC",0.172252648767893,0.94,0.165817915933439,0.159108249127818
1000,10,3,456,"MGWR",0.562737720920939,NA,0.895157286400981,0.0673364654346159
1000,10,4,789,"BSGL",0.18603993414188,0.975,0.268223388716691,0.0481514780452878
1000,10,4,789,"GGP-GAM",0.158094955905824,NA,0.101242314189759,0.011168195045691
1000,10,4,789,"GSVC",0.176022620126923,0.93,0.160936879509177,0.133276371981702
1000,10,4,789,"MGWR",0.668758983491766,NA,1.06593589644134,0.0478522697447414
1000,10,5,101,"BSGL",0.165604326624772,0.995,0.232858671240676,0.0511779174142479
1000,10,5,101,"GGP-GAM",0.148113963208106,NA,0.115144854949667,0.0281676702366446
1000,10,5,101,"GSVC",0.179136283107521,0.94,0.137346907129924,0.12428096498311
1000,10,5,101,"MGWR",0.577416518646178,NA,1.22770541555045,0.20969227966682
1000,10,6,202,"BSGL",0.139316506840448,0.985,0.216370024764217,0.0547110074661196
1000,10,6,202,"GGP-GAM",0.121136947629491,NA,0.0748717078402028,0.0259327867973879
1000,10,6,202,"GSVC",0.17953913611989,0.965,0.152755020504045,0.145628102536681
1000,10,6,202,"MGWR",0.466368715468726,NA,1.04228482449572,0.0568687982435689
1000,10,7,303,"BSGL",0.130437257138897,0.995,0.217096862888073,0.0585092821025223
1000,10,7,303,"GGP-GAM",0.098351425489333,NA,0.0711738343630337,0.011053884039036
1000,10,7,303,"GSVC",0.139318620029423,0.96,0.150236472283613,0.144981703119752
1000,10,7,303,"MGWR",0.403791969593446,NA,0.818294426255053,0.0215484905661419
1000,10,8,404,"BSGL",0.163844534391873,1,0.208063900186602,0.0565017303728983
1000,10,8,404,"GGP-GAM",0.138449874040388,NA,0.0942903534114138,0.032518988626088
1000,10,8,404,"GSVC",0.183127313625066,0.935,0.13263212020008,0.157112818173022
1000,10,8,404,"MGWR",0.56594863711426,NA,1.29271272161034,0.103057106211136
1000,10,9,505,"BSGL",0.140386083132782,1,0.220061543351168,0.0527037275816091
1000,10,9,505,"GGP-GAM",0.107680676553112,NA,0.0957245237170157,0.0120684087974074
1000,10,9,505,"GSVC",0.161579069264077,0.955,0.165123524339646,0.124987440254178
1000,10,9,505,"MGWR",0.376250748144219,NA,0.995493212406529,0.0781512340774543
1000,10,10,606,"BSGL",0.153853443681036,0.995,0.243425174746005,0.0502191669850899
1000,10,10,606,"GGP-GAM",0.132688214943631,NA,0.104563331739708,0.0104544192225686
1000,10,10,606,"GSVC",0.15114307817146,0.97,0.150879313589678,0.122412934887087
1000,10,10,606,"MGWR",0.569476991216004,NA,0.867623436533493,0.0307336742681626
1000,20,1,42,"BSGL",0.167814948981979,0.99,0.282570111111916,0.0502666244558937
1000,20,1,42,"GGP-GAM",0.14118917085182,NA,0.0781069456272039,0.0194092540822479
1000,20,1,42,"GSVC",0.225943710609353,0.955,0.206392592391126,0.178452968366354
1000,20,1,42,"MGWR",0.58058162466802,NA,0.964121962471938,0.112960033765506
1000,20,2,123,"BSGL",0.161657350157463,0.995,0.291304611331521,0.052671115985201
1000,20,2,123,"GGP-GAM",0.134334999749794,NA,0.118799644597626,0.0160927552162937
1000,20,2,123,"GSVC",0.229987918724206,0.955,0.302970934152225,0.192524901737184
1000,20,2,123,"MGWR",0.664432594254138,NA,1.2988690181602,0.216984831242081
1000,20,3,456,"BSGL",0.169451861463833,0.995,0.267184707076236,0.047731014969167
1000,20,3,456,"GGP-GAM",0.137463687597712,NA,0.0816909815130118,0.0217309150315673
1000,20,3,456,"GSVC",0.278080305313657,0.965,0.240405632860768,0.176746885826798
1000,20,3,456,"MGWR",0.728458031313164,NA,1.16895773827175,0.165397835105581
1000,20,4,789,"BSGL",0.146565762269064,1,0.277543984009413,0.0425092882293038
1000,20,4,789,"GGP-GAM",0.110295032954578,NA,0.0803922141490501,0.0171985046387968
1000,20,4,789,"GSVC",0.193461470361974,0.965,0.232870650721861,0.162641960871585
1000,20,4,789,"MGWR",0.431081377701445,NA,1.18976282853395,0.102518715731271
1000,20,5,101,"BSGL",0.165186919050834,0.995,0.280422123401703,0.0362636775446037
1000,20,5,101,"GGP-GAM",0.134447685946531,NA,0.0937143836371919,0.010742720518456
1000,20,5,101,"GSVC",0.258736993742988,0.965,0.175640320646653,0.149332659369615
1000,20,5,101,"MGWR",0.577532653192138,NA,1.28964590935365,0.17474914925461
1000,20,6,202,"BSGL",0.160280927500199,0.995,0.264096133618384,0.0518369300814496
1000,20,6,202,"GGP-GAM",0.124178981335644,NA,0.085782437656656,0.0328475209323809
1000,20,6,202,"GSVC",0.214775002089409,0.96,0.228708115541549,0.193157368186612
1000,20,6,202,"MGWR",0.545519813904951,NA,1.04589182834658,0.152901192205293
1000,20,7,303,"BSGL",0.198455491638103,0.995,0.257005850438026,0.050058041436098
1000,20,7,303,"GGP-GAM",0.146254317819096,NA,0.059677571546168,0.0205213348001533
1000,20,7,303,"GSVC",0.323702477110693,0.945,0.236061256380566,0.199909037786634
1000,20,7,303,"MGWR",0.440673676196816,NA,0.886961688709527,0.0595040683231127
1000,20,8,404,"BSGL",0.18566121213691,0.995,0.328903708602365,0.0420934045091356
1000,20,8,404,"GGP-GAM",0.121648076480515,NA,0.0832239027771541,0.0158154932102451
1000,20,8,404,"GSVC",0.265105104807677,0.965,0.261079181416812,0.15064876350965
1000,20,8,404,"MGWR",0.826323589560549,NA,1.34296640423559,0.223971491139544
1000,20,9,505,"BSGL",0.187779039395034,0.985,0.433406893666185,0.0436052756104101
1000,20,9,505,"GGP-GAM",0.164499956857078,NA,0.140446081780616,0.0139047428362596
1000,20,9,505,"GSVC",0.204901151533005,0.96,0.318347999859406,0.144134746605038
1000,20,9,505,"MGWR",0.700032368860566,NA,1.54334558224049,0.246195742479627
1000,20,10,606,"BSGL",0.126734105630081,0.995,0.222239554236866,0.0402115688543064
1000,20,10,606,"GGP-GAM",0.0971168469263419,NA,0.0677423818268477,0.0135389621539531
1000,20,10,606,"GSVC",0.186369835037278,0.98,0.153639206878166,0.15380061866639
1000,20,10,606,"MGWR",0.40793719132911,NA,0.815277027381028,0.0564706953818273
5000,5,1,42,"BSGL",0.110733979628026,0.97,0.0314514946023701,0.0191717113141894
5000,5,1,42,"GGP-GAM",0.1067055713298,NA,0.026201935761977,0.00243666898215394
5000,5,1,42,"GSVC",0.111803352143174,0.951,0.0246634427392993,0.0275265212720304
5000,5,1,42,"MGWR",0.15922479207621,NA,0.256990091340764,0.00117751969659093
5000,5,2,123,"BSGL",0.117405607055287,0.966,0.0313274444551688,0.0339200350480125
5000,5,2,123,"GGP-GAM",0.115134165236765,NA,0.028706480237631,0.0159110324123122
5000,5,2,123,"GSVC",0.119622842869762,0.93,0.0295111449513798,0.0519776603251745
5000,5,2,123,"MGWR",0.177098088271748,NA,0.214811705287399,0.0248073581537813
5000,5,3,456,"BSGL",0.104530312213007,0.981,0.0363502210378911,0.0148058603465513
5000,5,3,456,"GGP-GAM",0.110952073903171,NA,0.0329032225743612,0.00264196170070256
5000,5,3,456,"GSVC",0.102717647020741,0.962,0.0299861401703752,0.0222846438606979
5000,5,3,456,"MGWR",0.174491134611682,NA,0.240294060786508,0.000665315409139843
5000,5,4,789,"BSGL",0.112591628315388,0.968,0.0377518970433185,0.00991271339601932
5000,5,4,789,"GGP-GAM",0.108749492438356,NA,0.0294781389562557,0.000699384244108551
5000,5,4,789,"GSVC",0.111708791431175,0.943,0.0241955182806319,0.0145458921340613
5000,5,4,789,"MGWR",0.160809229943358,NA,0.217877817692748,0.000534576264840965
5000,5,5,101,"BSGL",0.104279029361824,0.972,0.0427659076515673,0.0152417250457191
5000,5,5,101,"GGP-GAM",0.105237564167019,NA,0.037199026625544,0.00380472361145808
5000,5,5,101,"GSVC",0.103872140418944,0.953,0.033898664020944,0.0239437551146457
5000,5,5,101,"MGWR",0.158980797672096,NA,0.228628577432077,0.007993569162686
5000,5,6,202,"BSGL",0.113826618842781,0.971,0.0319620220325354,0.0192522127098421
5000,5,6,202,"GGP-GAM",0.116732230741874,NA,0.028160913509804,0.00638553467635681
5000,5,6,202,"GSVC",0.113552105565001,0.95,0.0244768480627001,0.0284486451178235
5000,5,6,202,"MGWR",0.175212883132837,NA,0.212578152199376,0.00961595439424674
5000,5,7,303,"BSGL",0.0997833264343512,0.985,0.0241110937872282,0.0152937159960132
5000,5,7,303,"GGP-GAM",0.106626285578761,NA,0.0212202800211089,0.00304813231108117
5000,5,7,303,"GSVC",0.100923991531732,0.974,0.0199726749364371,0.0264685919019292
5000,5,7,303,"MGWR",0.175395927142963,NA,0.225454664543442,0.00406177984856912
5000,5,8,404,"BSGL",0.103825252039008,0.974,0.0325985772670207,0.0156197742579836
5000,5,8,404,"GGP-GAM",0.107143214323974,NA,0.0293927899813226,0.00218071039594644
5000,5,8,404,"GSVC",0.103964728497876,0.954,0.0315119570132341,0.0242720661376898
5000,5,8,404,"MGWR",0.156655819884245,NA,0.225038824625827,0.00066757707276307
5000,5,9,505,"BSGL",0.108323204150201,0.968,0.0252602465632034,0.0207281108601505
5000,5,9,505,"GGP-GAM",0.114965517703379,NA,0.026689800118379,0.0111421285079146
5000,5,9,505,"GSVC",0.108798333418157,0.939,0.0242457945048143,0.0309031256337153
5000,5,9,505,"MGWR",0.183141554054086,NA,0.211586762499271,0.0237786458475535
5000,5,10,606,"BSGL",0.101086062386651,0.966,0.0286249378149545,0.0197353301854736
5000,5,10,606,"GGP-GAM",0.102709577320263,NA,0.0247038195987551,0.0129349094390065
5000,5,10,606,"GSVC",0.101127745816777,0.952,0.0204255821599735,0.0286199235139299
5000,5,10,606,"MGWR",0.143390625119401,NA,0.197059774752178,0.0113637099670499
5000,10,1,42,"BSGL",0.113914765639287,0.97,0.0329767489339878,0.0157528388215762
5000,10,1,42,"GGP-GAM",0.109481031305662,NA,0.0252300696957774,0.00441914892765299
5000,10,1,42,"GSVC",0.114497503394295,0.944,0.0256606931839003,0.0233235920937125
5000,10,1,42,"MGWR",0.161081158180628,NA,0.218685493302206,0.00164758353092476
5000,10,2,123,"BSGL",0.106815927411551,0.976,0.0366953668521398,0.0127053492411857
5000,10,2,123,"GGP-GAM",0.107832408917945,NA,0.0276866794456232,0.00332310627942324
5000,10,2,123,"GSVC",0.109479961903238,0.95,0.0326470940605255,0.0239946441548498
5000,10,2,123,"MGWR",0.160302355543789,NA,0.221551305777266,0.00515257528497004
5000,10,3,456,"BSGL",0.119798772111829,0.973,0.0393657230576698,0.017692241167009
5000,10,3,456,"GGP-GAM",0.115236209486749,NA,0.0208244116165176,0.0045682857502952
5000,10,3,456,"GSVC",0.123934837427736,0.95,0.0340174352194536,0.0294082667449411
5000,10,3,456,"MGWR",0.179185019478881,NA,0.220904683170767,0.00547287159510837
5000,10,4,789,"BSGL",0.107983121653937,0.978,0.041350365021127,0.0124814102908433
5000,10,4,789,"GGP-GAM",0.11174333448524,NA,0.0380738173598301,0.00203049626162401
5000,10,4,789,"GSVC",0.108911707649999,0.955,0.0382699417624189,0.0230147548622778
5000,10,4,789,"MGWR",0.169526304782746,NA,0.20330626473282,0.0047058655730731
5000,10,5,101,"BSGL",0.110520520599159,0.968,0.0501521868121885,0.0168797553891634
5000,10,5,101,"GGP-GAM",0.110812552916407,NA,0.0401562811048865,0.00488248038235301
5000,10,5,101,"GSVC",0.113524160975259,0.941,0.0413041831296768,0.0267319956896813
5000,10,5,101,"MGWR",0.157950446110774,NA,0.248551035831797,0.00703269507954715
5000,10,6,202,"BSGL",0.108695073999631,0.974,0.0266290242976708,0.0184534559536294
5000,10,6,202,"GGP-GAM",0.10650603050068,NA,0.02511727297342,0.00574256921598532
5000,10,6,202,"GSVC",0.112377096425225,0.951,0.0224544579663212,0.0294839611825594
5000,10,6,202,"MGWR",0.179035389608534,NA,0.213210462840983,0.00734433870622076
5000,10,7,303,"BSGL",0.112933700547694,0.978,0.0361919412977132,0.0181146716857498
5000,10,7,303,"GGP-GAM",0.113635820398154,NA,0.0277321131394897,0.00503946350609259
5000,10,7,303,"GSVC",0.114992583211582,0.956,0.0259845810145488,0.0300801991837737
5000,10,7,303,"MGWR",0.180619309925752,NA,0.232399744343941,0.00337108369188413
5000,10,8,404,"BSGL",0.104148787710696,0.979,0.0299519743869297,0.0151195285601818
5000,10,8,404,"GGP-GAM",0.105579981569496,NA,0.0292898094715762,0.00373291679056749
5000,10,8,404,"GSVC",0.105889841266714,0.96,0.0255804368845764,0.0263413645689424
5000,10,8,404,"MGWR",0.157622488420645,NA,0.239453569298106,0.00382438705516296
5000,10,9,505,"BSGL",0.109411778627257,0.967,0.0360931558322886,0.0150647246158665
5000,10,9,505,"GGP-GAM",0.110079493847387,NA,0.0297479868679829,0.00316318118962201
5000,10,9,505,"GSVC",0.112179853264204,0.942,0.0275047324735874,0.0275919933478582
5000,10,9,505,"MGWR",0.169104534918367,NA,0.213787108127732,0.00400765907695851
5000,10,10,606,"BSGL",0.107607047678257,0.969,0.0347353113459628,0.015289090968825
5000,10,10,606,"GGP-GAM",0.103035853375129,NA,0.0313590498079842,0.00483286926088665
5000,10,10,606,"GSVC",0.110445516225379,0.944,0.0259530185574799,0.0275722642352691
5000,10,10,606,"MGWR",0.146961072173734,NA,0.215405673435535,0.0202560332141373
5000,20,1,42,"BSGL",0.113026057125138,0.973,0.0380761266718643,0.0139577162647145
5000,20,1,42,"GGP-GAM",0.10618019952066,NA,0.0279805504477723,0.00354457896617975
5000,20,1,42,"GSVC",0.11957365686159,0.951,0.0350826107341616,0.0300029084728801
5000,20,1,42,"MGWR",0.158553999035135,NA,0.225853691297588,0.00336578094518555
5000,20,2,123,"BSGL",0.105839375847388,0.979,0.0547592163854719,0.0150319360296217
5000,20,2,123,"GGP-GAM",0.103986281177413,NA,0.0423761596357945,0.00334791839233699
5000,20,2,123,"GSVC",0.111287287450781,0.966,0.0474435877730954,0.032477251477862
5000,20,2,123,"MGWR",0.155278502543265,NA,0.227948372818647,0.00371707131723507
5000,20,3,456,"BSGL",0.120603969425193,0.962,0.0449416268638659,0.0161508242556928
5000,20,3,456,"GGP-GAM",0.115526345700037,NA,0.0314114897061013,0.00478753379112433
5000,20,3,456,"GSVC",0.129682328027612,0.95,0.040924371554551,0.0317932505369306
5000,20,3,456,"MGWR",0.163475127866624,NA,0.233885726309446,0.00528930697757226
5000,20,4,789,"BSGL",0.108934434499984,0.973,0.0453586244543415,0.0166783632168931
5000,20,4,789,"GGP-GAM",0.106683416925114,NA,0.0319995350037373,0.0055387564960804
5000,20,4,789,"GSVC",0.114554768963177,0.959,0.0380300910319979,0.0330090064088214
5000,20,4,789,"MGWR",0.162094304300714,NA,0.205530744142783,0.0059160650163074
5000,20,5,101,"BSGL",0.110180132574385,0.972,0.0432792819581265,0.0143172998197748
5000,20,5,101,"GGP-GAM",0.10875239400708,NA,0.0359601927336921,0.00235598523444056
5000,20,5,101,"GSVC",0.115233995358855,0.951,0.0444188365965984,0.0298867550662893
5000,20,5,101,"MGWR",0.177551343640725,NA,0.222411024524481,0.00251221410808885
5000,20,6,202,"BSGL",0.118106100617568,0.975,0.0329050541447813,0.0143419343703991
5000,20,6,202,"GGP-GAM",0.114094861095435,NA,0.0217063973139714,0.00473546732812373
5000,20,6,202,"GSVC",0.124144376012726,0.949,0.0307136592851803,0.0291232734852135
5000,20,6,202,"MGWR",0.181932738190556,NA,0.230484406709621,0.00368100215898421
5000,20,7,303,"BSGL",0.120033487243971,0.964,0.0405994956065979,0.0159484063641848
5000,20,7,303,"GGP-GAM",0.114928504983021,NA,0.0257032593490393,0.00495911803338426
5000,20,7,303,"GSVC",0.128176132545644,0.948,0.0389104388029056,0.0324971577259249
5000,20,7,303,"MGWR",0.168890134417551,NA,0.22161452320278,0.00429966322456936
5000,20,8,404,"BSGL",0.111512317099477,0.976,0.0401174593102135,0.0146766954469364
5000,20,8,404,"GGP-GAM",0.104056809776794,NA,0.0277370954490017,0.00410379841603036
5000,20,8,404,"GSVC",0.116939863882202,0.959,0.0361660608786932,0.0293278826832595
5000,20,8,404,"MGWR",0.163213940163116,NA,0.237028616888131,0.0062399771854493
5000,20,9,505,"BSGL",0.10796697914541,0.98,0.0361353432313635,0.0164713731565855
5000,20,9,505,"GGP-GAM",0.107330255420186,NA,0.029668611580379,0.0051658776187476
5000,20,9,505,"GSVC",0.115656955787129,0.96,0.0343952476654938,0.0362225922215589
5000,20,9,505,"MGWR",0.171936250601559,NA,0.218690883551427,0.0073718022873794
5000,20,10,606,"BSGL",0.119974681694598,0.971,0.0395767377700777,0.0200871074806727
5000,20,10,606,"GGP-GAM",0.112945083817197,NA,0.031450127601554,0.00713412139984018
5000,20,10,606,"GSVC",0.131401685389458,0.943,0.0373283617090084,0.0422414594938257
5000,20,10,606,"MGWR",0.156912103899527,NA,0.202397989096672,0.0103702394267184
10000,5,1,42,"BSGL",0.101871633198896,0.962,0.017734929928667,0.00619083072640761
10000,5,1,42,"GGP-GAM",0.102381175208623,NA,0.0193524679906895,0.00187432896323628
10000,5,1,42,"GSVC",0.101818611582411,0.9525,0.0142325807997325,0.00953028074252139
10000,5,1,42,"MGWR",0.130011614029495,NA,0.126211509014436,0.00107814420377584
10000,5,2,123,"BSGL",0.105519079456627,0.9545,0.0195277424879163,0.008827329485474
10000,5,2,123,"GGP-GAM",0.106588632498545,NA,0.01886917525711,0.00385438966216149
10000,5,2,123,"GSVC",0.106069771734876,0.944,0.0170893601848298,0.0115480635925287
10000,5,2,123,"MGWR",0.13803352627035,NA,0.12798230756199,0.0043629166708766
10000,5,3,456,"BSGL",0.108974137373819,0.9615,0.0245227860168166,0.00909920307828976
10000,5,3,456,"GGP-GAM",0.111403453446785,NA,0.0206204147097451,0.000603788063306323
10000,5,3,456,"GSVC",0.109266551921947,0.9425,0.0214667932581198,0.0137731919782648
10000,5,3,456,"MGWR",0.142124863326452,NA,0.130461678223764,0.00643570506699383
10000,5,4,789,"BSGL",0.103893518810992,0.9635,0.0223077724181874,0.0104336313783198
10000,5,4,789,"GGP-GAM",0.105025788324124,NA,0.0260904411502336,0.00205216592296703
10000,5,4,789,"GSVC",0.103766661796206,0.9525,0.0222821345080208,0.0151530729021127
10000,5,4,789,"MGWR",0.129960370995693,NA,0.138995122613488,0.00550212337711827
10000,5,5,101,"BSGL",0.102297066178306,0.9655,0.0207183886821683,0.00841733532683398
10000,5,5,101,"GGP-GAM",0.106221312689554,NA,0.0183068101948704,0.00109296908703308
10000,5,5,101,"GSVC",0.102280989517878,0.95,0.0193002185423703,0.0135489876388125
10000,5,5,101,"MGWR",0.13103043892231,NA,0.133320127349804,0.000374402115849471
10000,5,6,202,"BSGL",0.104992208395506,0.962,0.0207262618581506,0.0119222403228808
10000,5,6,202,"GGP-GAM",0.105939583707444,NA,0.0168917650412156,0.00255857569069993
10000,5,6,202,"GSVC",0.105170630972275,0.9485,0.0168637234400828,0.0160572885477099
10000,5,6,202,"MGWR",0.127274453005958,NA,0.13316569516586,0.00332316550560723
10000,5,7,303,"BSGL",0.107602706530723,0.9625,0.0190318359678038,0.00979656930023642
10000,5,7,303,"GGP-GAM",0.106882489519448,NA,0.0193700085861969,0.00527510024354956
10000,5,7,303,"GSVC",0.107105833819412,0.951,0.015790814882788,0.0138702009606147
10000,5,7,303,"MGWR",0.131800054676102,NA,0.129318314548322,0.00104200814021899
10000,5,8,404,"BSGL",0.107982321165306,0.958,0.0273267242045538,0.00864108312603248
10000,5,8,404,"GGP-GAM",0.109508191407087,NA,0.0238569349717754,0.00236497449284397
10000,5,8,404,"GSVC",0.108131732955668,0.945,0.0239053657521291,0.0126738532675023
10000,5,8,404,"MGWR",0.133961623169102,NA,0.130848688724533,0.000429464115825627
10000,5,9,505,"BSGL",0.111747949524971,0.955,0.0212031097971283,0.0120009205247856
10000,5,9,505,"GGP-GAM",0.114697141690652,NA,0.0183663952319999,0.00313716653559487
10000,5,9,505,"GSVC",0.111596549902912,0.943,0.0163378434300155,0.0165234593671337
10000,5,9,505,"MGWR",0.148139121306413,NA,0.128603980884977,0.0027718217567493
10000,5,10,606,"BSGL",0.0999490284138706,0.9725,0.0187950704978913,0.0114784472959597
10000,5,10,606,"GGP-GAM",0.101102990510693,NA,0.0202507785165392,0.00193127121086782
10000,5,10,606,"GSVC",0.0995068525769812,0.963,0.0166991293615916,0.0156120816576561
10000,5,10,606,"MGWR",0.133115150952094,NA,0.126606850607543,0.00549527185228162
10000,10,1,42,"BSGL",0.108900673690639,0.952,0.0186738755301705,0.00987755440026804
10000,10,1,42,"GGP-GAM",0.112346513207901,NA,0.0162205347134398,0.00171147054413422
10000,10,1,42,"GSVC",0.110015319207997,0.934,0.0161465949425632,0.0149633754932587
10000,10,1,42,"MGWR",0.136287642532015,NA,0.123578490669705,0.00227850824025676
10000,10,2,123,"BSGL",0.100306848626712,0.9645,0.0196567759937263,0.0077794731494855
10000,10,2,123,"GGP-GAM",0.104044151904907,NA,0.0196676439207746,0.00129812317258309
10000,10,2,123,"GSVC",0.10207564601472,0.95,0.0178271162009452,0.0121572538449145
10000,10,2,123,"MGWR",0.13141428351072,NA,0.126944107807416,0.000700578562675672
10000,10,3,456,"BSGL",0.112894674607813,0.954,0.0190816972180135,0.0100427895795804
10000,10,3,456,"GGP-GAM",0.110318343292145,NA,0.0197786612100579,0.00179635212785495
10000,10,3,456,"GSVC",0.113245116239213,0.945,0.0171822840028679,0.0144954537827508
10000,10,3,456,"MGWR",0.136000617853074,NA,0.143815472312503,0.00247151514122825
10000,10,4,789,"BSGL",0.106307838337555,0.9605,0.023134384503108,0.00913730168608867
10000,10,4,789,"GGP-GAM",0.107141864352198,NA,0.0194476114851636,0.00176030375261092
10000,10,4,789,"GSVC",0.106718765676537,0.9455,0.0195820656378497,0.0143180263318419
10000,10,4,789,"MGWR",0.129461437772626,NA,0.135825542426992,0.00116043699470983
10000,10,5,101,"BSGL",0.112886914326857,0.9535,0.0218225762278784,0.00950337972950198
10000,10,5,101,"GGP-GAM",0.113620780655201,NA,0.0198715014783997,0.00321568270460771
10000,10,5,101,"GSVC",0.114084026688199,0.941,0.018605248861937,0.0161939603600597
10000,10,5,101,"MGWR",0.136789942630971,NA,0.133463386323133,0.00222904618436105
10000,10,6,202,"BSGL",0.106131483577426,0.96,0.0253180363926669,0.0103595018867615
10000,10,6,202,"GGP-GAM",0.106791056146132,NA,0.0210025116401279,0.00169355286544566
10000,10,6,202,"GSVC",0.10675122656084,0.9465,0.0223312884340206,0.015064993795627
10000,10,6,202,"MGWR",0.139337096046154,NA,0.145542734153388,0.00390563279449418
10000,10,7,303,"BSGL",0.107699851498981,0.954,0.0219771623726763,0.0088078421997297
10000,10,7,303,"GGP-GAM",0.108374165849204,NA,0.0213112059060052,0.00332497498438367
10000,10,7,303,"GSVC",0.107812501308363,0.943,0.0220852488519361,0.0135709828719458
10000,10,7,303,"MGWR",0.131704209452363,NA,0.145526506605192,0.00193097466531491
10000,10,8,404,"BSGL",0.106104011012892,0.9605,0.0185713657725639,0.00759181640863942
10000,10,8,404,"GGP-GAM",0.103311513250025,NA,0.0163222785291219,0.000820814597555051
10000,10,8,404,"GSVC",0.106450421338367,0.9495,0.0151704672854001,0.0118505861723027
10000,10,8,404,"MGWR",0.132693003207282,NA,0.12862782950377,0.00121512360070854
10000,10,9,505,"BSGL",0.110505282250602,0.957,0.0212637942124452,0.00962691191294239
10000,10,9,505,"GGP-GAM",0.107241013351146,NA,0.0185606412605205,0.0016561298305209
10000,10,9,505,"GSVC",0.111190814823197,0.939,0.0170635577114571,0.0153849534991454
10000,10,9,505,"MGWR",0.13317184966663,NA,0.1339637804168,0.00206291847144583
10000,10,10,606,"BSGL",0.10962075065547,0.954,0.0202226871383077,0.00970207917267084
10000,10,10,606,"GGP-GAM",0.10909992102589,NA,0.0174068766009921,0.00209508756343128
10000,10,10,606,"GSVC",0.110585147387801,0.942,0.0181932954260532,0.0160418362078002
10000,10,10,606,"MGWR",0.135823456789012,NA,0.134567890123456,0.00187654321098765
10000,20,1,42,"BSGL",0.111199073086461,0.9645,0.0212322082280742,0.00827826311767641
10000,20,1,42,"GGP-GAM",0.110304047863861,NA,0.0201134317403066,0.00132256353428531
10000,20,1,42,"GSVC",0.113580587055937,0.952,0.021311728661192,0.0142220419293178
10000,20,1,42,"MGWR",0.134572793290124,NA,0.138066412234153,0.00165299065231132
10000,20,2,123,"BSGL",0.109311465792406,0.9615,0.021885052327644,0.00937889687224925
10000,20,2,123,"GGP-GAM",0.109521830927571,NA,0.0181824432346098,0.00223672290255467
10000,20,2,123,"GSVC",0.111170488558955,0.95,0.0189192951395713,0.0156893317849439
10000,20,2,123,"MGWR",0.13443757413863,NA,0.12929654527849,0.00146745367421886
10000,20,3,456,"BSGL",0.10885929367019,0.958,0.0229568273562776,0.00972715683904344
10000,20,3,456,"GGP-GAM",0.106079527021371,NA,0.0226809368165962,0.00268199327046146
10000,20,3,456,"GSVC",0.111925496641526,0.9445,0.0230944806313767,0.0165740097253942
10000,20,3,456,"MGWR",0.133751210898882,NA,0.12698321603126,0.00211103711684442
10000,20,4,789,"BSGL",0.108742384210911,0.9645,0.025014131919958,0.00902117624210416
10000,20,4,789,"GGP-GAM",0.104277434993249,NA,0.022547780789884,0.00222417828191497
10000,20,4,789,"GSVC",0.112687737485197,0.955,0.0245719559812697,0.0166545351087631
10000,20,4,789,"MGWR",0.135435081743491,NA,0.132167446958737,0.00362060248451488
10000,20,5,101,"BSGL",0.111306239347856,0.9545,0.0261246575286226,0.00997416062178186
10000,20,5,101,"GGP-GAM",0.108010687929082,NA,0.0231228951296514,0.00310440682880928
10000,20,5,101,"GSVC",0.113073264805836,0.9485,0.0249240886360719,0.0156722236108979
10000,20,5,101,"MGWR",0.128381666091716,NA,0.128238924582124,0.00199612640092898
10000,20,6,202,"BSGL",0.106992792255465,0.96,0.0221585396252482,0.00856303675300405
10000,20,6,202,"GGP-GAM",0.106894329804839,NA,0.0138663600151546,0.00142458803852729
10000,20,6,202,"GSVC",0.109492709750676,0.9495,0.0196757053509672,0.0152549233926749
10000,20,6,202,"MGWR",0.142106350737526,NA,0.153722834030057,0.000701051498298341
10000,20,7,303,"BSGL",0.10699675485523,0.9605,0.0203167456080983,0.00896694860424187
10000,20,7,303,"GGP-GAM",0.10412578497633,NA,0.0154368217634701,0.00188396590091807
10000,20,7,303,"GSVC",0.109486442058699,0.9505,0.018632390756335,0.0155350403255735
10000,20,7,303,"MGWR",0.131638654139527,NA,0.136797006591722,0.00102374231477397
10000,20,8,404,"BSGL",0.113678591262619,0.959,0.0253877016365626,0.00915792524045365
10000,20,8,404,"GGP-GAM",0.111471216537708,NA,0.0219908776992736,0.00218272530645599
10000,20,8,404,"GSVC",0.115878125186019,0.945,0.0227442728210395,0.0153343899592597
10000,20,8,404,"MGWR",0.136789012345678,NA,0.131234567890123,0.00134567890123457
10000,20,9,505,"BSGL",0.111331974825883,0.963,0.021478083072712,0.0111054051459445
10000,20,9,505,"GGP-GAM",0.110716993722993,NA,0.0213766212658449,0.00293771804889862
10000,20,9,505,"GSVC",0.114977325786584,0.9555,0.0205488121465643,0.0179191788213239
10000,20,9,505,"MGWR",0.135432109876543,NA,0.129876543210987,0.00154321098765432
10000,20,10,606,"BSGL",0.110016196818545,0.9615,0.0193370114423126,0.00970706117447133
10000,20,10,606,"GGP-GAM",0.11266056564134,NA,0.019243755455446,0.00281048623255771
10000,20,10,606,"GSVC",0.11300718714971,0.9465,0.0164139244482256,0.0161759573624099
10000,20,10,606,"MGWR",0.137123456789012,NA,0.132543210987654,0.00187654320987654
